player_name,x,y,is_goal,Assisted,IndividualPlay,RegularPlay,LeftFoot,RightFoot,FromCorner,FirstTouch,Head,BigChance,SetPiece,Volley,FastBreak,ThrowinSetPiece,Penalty,OneOnOne,KeyPass,DirectFreekick,OtherBodyPart,DirectCorner,shot_distance (m),period_FirstHalf,period_SecondHalf,Zone_Back,Zone_Center,Zone_Left,Zone_Right
Akash,60.91382358,48.2455279,FALSE,FALSE,TRUE,TRUE,TRUE,FALSE,FALSE,FALSE,FALSE,FALSE,FALSE,TRUE,FALSE,TRUE,FALSE,FALSE,FALSE,0,FALSE,0,39.12553334,FALSE,TRUE,TRUE,FALSE,FALSE,FALSE
Akash,63.97992609,50.00327382,TRUE,FALSE,TRUE,TRUE,TRUE,FALSE,FALSE,FALSE,FALSE,TRUE,FALSE,FALSE,FALSE,FALSE,FALSE,FALSE,FALSE,1,FALSE,1,36.02007406,TRUE,FALSE,TRUE,FALSE,FALSE,FALSE
Akash,75.96482752,59.44897836,FALSE,FALSE,TRUE,TRUE,TRUE,FALSE,FALSE,FALSE,FALSE,FALSE,FALSE,FALSE,FALSE,FALSE,FALSE,FALSE,FALSE,0,FALSE,0,25.82581477,FALSE,TRUE,FALSE,FALSE,TRUE,FALSE
Akash,64.83186184,41.61897485,FALSE,FALSE,TRUE,TRUE,TRUE,FALSE,FALSE,FALSE,FALSE,FALSE,FALSE,FALSE,FALSE,FALSE,FALSE,FALSE,FALSE,0,FALSE,1,36.15300159,TRUE,FALSE,FALSE,TRUE,FALSE,FALSE
Akash,95.79489621,42.9079385,FALSE,TRUE,FALSE,TRUE,FALSE,TRUE,FALSE,FALSE,FALSE,FALSE,FALSE,FALSE,FALSE,FALSE,FALSE,FALSE,TRUE,0,FALSE,1,8.245012688,TRUE,FALSE,FALSE,FALSE,FALSE,TRUE
Akash,61.8123055,48.80187604,FALSE,TRUE,FALSE,TRUE,FALSE,TRUE,FALSE,TRUE,FALSE,FALSE,FALSE,FALSE,FALSE,FALSE,FALSE,FALSE,TRUE,0,FALSE,1,38.20648522,FALSE,TRUE,FALSE,TRUE,FALSE,FALSE
Akash,91.52314575,60.37202289,FALSE,FALSE,TRUE,TRUE,FALSE,TRUE,FALSE,TRUE,FALSE,FALSE,FALSE,FALSE,FALSE,FALSE,FALSE,FALSE,FALSE,0,FALSE,1,13.39536923,FALSE,TRUE,FALSE,FALSE,FALSE,TRUE
Akash,94.6608511,47.21669083,TRUE,TRUE,FALSE,TRUE,FALSE,FALSE,FALSE,FALSE,FALSE,TRUE,FALSE,FALSE,FALSE,FALSE,FALSE,FALSE,TRUE,1,TRUE,0,6.021073072,FALSE,TRUE,TRUE,FALSE,FALSE,FALSE
Akash,88.41226434,67.16764302,FALSE,TRUE,FALSE,TRUE,TRUE,FALSE,FALSE,FALSE,FALSE,FALSE,FALSE,FALSE,FALSE,FALSE,FALSE,FALSE,TRUE,0,FALSE,0,20.71240171,TRUE,FALSE,TRUE,FALSE,FALSE,FALSE
Akash,77.77270362,57.97752673,TRUE,TRUE,FALSE,TRUE,FALSE,FALSE,FALSE,FALSE,TRUE,FALSE,FALSE,FALSE,FALSE,FALSE,FALSE,FALSE,TRUE,0,FALSE,1,23.61553805,FALSE,TRUE,FALSE,TRUE,FALSE,FALSE
Akash,77.68236854,28.16637301,TRUE,FALSE,TRUE,TRUE,FALSE,TRUE,FALSE,FALSE,FALSE,TRUE,FALSE,FALSE,FALSE,FALSE,FALSE,FALSE,FALSE,0,FALSE,1,31.22153009,TRUE,FALSE,FALSE,FALSE,TRUE,FALSE
Akash,96.43352605,44.33522979,TRUE,TRUE,FALSE,TRUE,TRUE,FALSE,FALSE,TRUE,FALSE,FALSE,FALSE,FALSE,FALSE,FALSE,FALSE,FALSE,TRUE,1,FALSE,0,6.693979234,FALSE,TRUE,TRUE,FALSE,FALSE,FALSE
Akash,94.04238364,40.32076099,TRUE,TRUE,FALSE,TRUE,FALSE,TRUE,FALSE,FALSE,FALSE,FALSE,FALSE,FALSE,FALSE,FALSE,FALSE,FALSE,TRUE,0,FALSE,0,11.36577585,FALSE,TRUE,FALSE,FALSE,TRUE,FALSE
Akash,70.66978581,36.70558645,TRUE,FALSE,TRUE,TRUE,TRUE,FALSE,FALSE,FALSE,FALSE,FALSE,FALSE,FALSE,FALSE,FALSE,FALSE,FALSE,FALSE,1,FALSE,1,32.20252934,TRUE,FALSE,FALSE,FALSE,TRUE,FALSE
Akash,87.68491991,42.75102321,FALSE,TRUE,FALSE,TRUE,FALSE,FALSE,FALSE,FALSE,TRUE,FALSE,FALSE,FALSE,TRUE,FALSE,FALSE,TRUE,TRUE,0,FALSE,0,14.29016662,FALSE,TRUE,FALSE,FALSE,FALSE,TRUE
Akash,91.03729115,65.23603651,FALSE,TRUE,FALSE,TRUE,FALSE,FALSE,FALSE,TRUE,FALSE,FALSE,FALSE,FALSE,FALSE,FALSE,FALSE,FALSE,TRUE,0,TRUE,0,17.67673495,TRUE,FALSE,FALSE,TRUE,FALSE,FALSE
Akash,74.65015104,50.58114053,TRUE,TRUE,FALSE,TRUE,FALSE,TRUE,FALSE,TRUE,FALSE,FALSE,FALSE,TRUE,FALSE,FALSE,FALSE,TRUE,TRUE,0,FALSE,1,25.35650936,FALSE,TRUE,TRUE,FALSE,FALSE,FALSE
Akash,84.34901189,50.61590971,TRUE,FALSE,TRUE,TRUE,FALSE,TRUE,FALSE,TRUE,FALSE,FALSE,FALSE,FALSE,FALSE,FALSE,FALSE,FALSE,FALSE,0,FALSE,1,15.66310229,FALSE,TRUE,TRUE,FALSE,FALSE,FALSE
Akash,86.95696988,55.82283122,FALSE,FALSE,TRUE,TRUE,FALSE,TRUE,FALSE,TRUE,FALSE,FALSE,FALSE,TRUE,FALSE,FALSE,FALSE,FALSE,FALSE,1,FALSE,1,14.28376694,FALSE,TRUE,TRUE,FALSE,FALSE,FALSE
Akash,90.34763511,63.66214533,FALSE,TRUE,FALSE,TRUE,TRUE,FALSE,FALSE,FALSE,FALSE,FALSE,FALSE,FALSE,FALSE,FALSE,FALSE,TRUE,TRUE,1,FALSE,0,16.72789176,FALSE,TRUE,FALSE,FALSE,TRUE,FALSE
Akash,72.78363848,72.23597048,FALSE,TRUE,FALSE,FALSE,FALSE,TRUE,TRUE,FALSE,FALSE,TRUE,TRUE,TRUE,TRUE,FALSE,FALSE,FALSE,TRUE,1,FALSE,1,35.14496717,FALSE,TRUE,FALSE,FALSE,TRUE,FALSE
Akash,67.81594807,56.07453826,FALSE,TRUE,FALSE,TRUE,FALSE,FALSE,FALSE,FALSE,FALSE,FALSE,FALSE,FALSE,FALSE,FALSE,FALSE,FALSE,TRUE,1,TRUE,0,32.75230089,TRUE,FALSE,TRUE,FALSE,FALSE,FALSE
Akash,94.64685785,46.39729299,FALSE,TRUE,FALSE,TRUE,FALSE,TRUE,FALSE,TRUE,FALSE,FALSE,FALSE,FALSE,FALSE,FALSE,FALSE,FALSE,TRUE,0,FALSE,1,6.452567598,FALSE,TRUE,FALSE,FALSE,TRUE,FALSE
Akash,63.17461158,50.42580617,FALSE,TRUE,FALSE,TRUE,FALSE,TRUE,FALSE,FALSE,FALSE,FALSE,FALSE,FALSE,FALSE,FALSE,FALSE,FALSE,TRUE,0,FALSE,0,36.8278501,TRUE,FALSE,TRUE,FALSE,FALSE,FALSE
Akash,73.73275665,21.58354501,TRUE,TRUE,FALSE,TRUE,FALSE,FALSE,FALSE,FALSE,FALSE,FALSE,FALSE,TRUE,FALSE,FALSE,FALSE,FALSE,TRUE,0,TRUE,1,38.69706691,TRUE,FALSE,FALSE,FALSE,FALSE,TRUE
Akash,75.84545844,60.59947245,TRUE,TRUE,FALSE,TRUE,FALSE,TRUE,FALSE,TRUE,FALSE,FALSE,FALSE,FALSE,FALSE,FALSE,FALSE,FALSE,TRUE,1,FALSE,0,26.37784476,FALSE,TRUE,FALSE,FALSE,TRUE,FALSE
Akash,87.38996143,68.30687136,FALSE,FALSE,TRUE,TRUE,FALSE,TRUE,FALSE,TRUE,FALSE,TRUE,FALSE,FALSE,FALSE,FALSE,FALSE,FALSE,FALSE,1,FALSE,0,22.22958865,TRUE,FALSE,FALSE,FALSE,TRUE,FALSE
Akash,81.98519028,62.39202681,FALSE,FALSE,TRUE,TRUE,FALSE,FALSE,FALSE,FALSE,TRUE,FALSE,FALSE,FALSE,FALSE,FALSE,FALSE,FALSE,FALSE,1,FALSE,1,21.86539956,TRUE,FALSE,FALSE,FALSE,FALSE,TRUE
Akash,94.8496892,50.27003568,TRUE,TRUE,FALSE,TRUE,FALSE,TRUE,FALSE,FALSE,FALSE,FALSE,FALSE,FALSE,FALSE,FALSE,FALSE,FALSE,TRUE,0,FALSE,0,5.157385056,FALSE,TRUE,FALSE,FALSE,TRUE,FALSE
Akash,95.4724388,47.02661227,FALSE,TRUE,FALSE,TRUE,FALSE,TRUE,FALSE,FALSE,FALSE,FALSE,FALSE,FALSE,TRUE,FALSE,FALSE,FALSE,TRUE,1,FALSE,1,5.416626715,TRUE,FALSE,FALSE,FALSE,TRUE,FALSE
Akash,91.71990725,51.38539532,FALSE,TRUE,FALSE,TRUE,TRUE,FALSE,FALSE,TRUE,FALSE,FALSE,FALSE,FALSE,FALSE,FALSE,FALSE,FALSE,TRUE,1,FALSE,0,8.395192443,FALSE,TRUE,FALSE,TRUE,FALSE,FALSE
Akash,86.1339617,55.14894121,FALSE,TRUE,FALSE,TRUE,FALSE,TRUE,FALSE,FALSE,FALSE,FALSE,FALSE,FALSE,FALSE,FALSE,FALSE,TRUE,TRUE,0,FALSE,1,14.79116674,FALSE,TRUE,FALSE,FALSE,TRUE,FALSE
Akash,60.85493572,54.19822062,FALSE,TRUE,FALSE,TRUE,TRUE,FALSE,FALSE,FALSE,FALSE,FALSE,FALSE,FALSE,FALSE,FALSE,FALSE,FALSE,TRUE,0,FALSE,0,39.36954551,FALSE,TRUE,TRUE,FALSE,FALSE,FALSE
Akash,61.46792778,47.48424506,FALSE,TRUE,FALSE,TRUE,FALSE,FALSE,FALSE,FALSE,TRUE,FALSE,FALSE,FALSE,FALSE,FALSE,FALSE,FALSE,TRUE,0,FALSE,1,38.61411157,FALSE,TRUE,TRUE,FALSE,FALSE,FALSE
Akash,93.99491932,47.58630693,TRUE,TRUE,FALSE,TRUE,TRUE,FALSE,FALSE,FALSE,FALSE,FALSE,FALSE,TRUE,FALSE,FALSE,FALSE,FALSE,TRUE,1,FALSE,1,6.472009591,FALSE,TRUE,FALSE,FALSE,TRUE,FALSE
Akash,85.23452505,38.47200825,FALSE,TRUE,FALSE,FALSE,TRUE,FALSE,FALSE,FALSE,FALSE,FALSE,FALSE,FALSE,FALSE,FALSE,TRUE,FALSE,TRUE,1,FALSE,1,18.73269453,TRUE,FALSE,FALSE,FALSE,FALSE,TRUE
Akash,72.74004964,49.04647533,FALSE,TRUE,FALSE,TRUE,FALSE,TRUE,FALSE,FALSE,FALSE,FALSE,FALSE,FALSE,FALSE,FALSE,FALSE,FALSE,TRUE,0,FALSE,1,27.27662191,TRUE,FALSE,FALSE,FALSE,TRUE,FALSE
Akash,94.56165833,57.12269257,TRUE,FALSE,TRUE,FALSE,TRUE,FALSE,FALSE,FALSE,FALSE,FALSE,FALSE,FALSE,FALSE,FALSE,TRUE,TRUE,FALSE,0,FALSE,0,8.961490368,FALSE,TRUE,FALSE,FALSE,FALSE,TRUE
Akash,96.96864599,45.35119174,TRUE,FALSE,TRUE,TRUE,FALSE,FALSE,FALSE,FALSE,FALSE,TRUE,FALSE,FALSE,FALSE,FALSE,FALSE,FALSE,FALSE,0,TRUE,1,5.5498221,TRUE,FALSE,TRUE,FALSE,FALSE,FALSE
Akash,74.11077859,76.34812017,TRUE,FALSE,TRUE,TRUE,TRUE,FALSE,FALSE,FALSE,FALSE,TRUE,FALSE,FALSE,FALSE,FALSE,FALSE,FALSE,FALSE,0,FALSE,0,36.93880374,FALSE,TRUE,FALSE,FALSE,TRUE,FALSE
Akash,69.72012009,64.31372295,FALSE,TRUE,FALSE,TRUE,TRUE,FALSE,FALSE,TRUE,FALSE,FALSE,FALSE,FALSE,TRUE,FALSE,FALSE,FALSE,TRUE,1,FALSE,0,33.49259309,FALSE,TRUE,FALSE,TRUE,FALSE,FALSE
Akash,95.58772448,44.58187368,FALSE,TRUE,FALSE,TRUE,TRUE,FALSE,FALSE,FALSE,FALSE,FALSE,FALSE,FALSE,FALSE,FALSE,FALSE,FALSE,TRUE,1,FALSE,0,6.987436448,TRUE,FALSE,FALSE,TRUE,FALSE,FALSE
Akash,93.91961141,57.17158105,TRUE,TRUE,FALSE,FALSE,FALSE,TRUE,FALSE,FALSE,FALSE,FALSE,TRUE,FALSE,FALSE,FALSE,FALSE,FALSE,TRUE,0,FALSE,0,9.402271011,FALSE,TRUE,FALSE,TRUE,FALSE,FALSE
Akash,82.72133742,21.14010475,TRUE,FALSE,TRUE,TRUE,FALSE,FALSE,FALSE,TRUE,FALSE,FALSE,FALSE,FALSE,FALSE,FALSE,FALSE,FALSE,FALSE,0,TRUE,1,33.63696975,FALSE,TRUE,FALSE,FALSE,FALSE,TRUE
Akash,78.38491644,57.77260507,TRUE,TRUE,FALSE,TRUE,FALSE,FALSE,FALSE,FALSE,TRUE,TRUE,FALSE,FALSE,FALSE,FALSE,FALSE,FALSE,TRUE,0,FALSE,1,22.97009418,TRUE,FALSE,FALSE,FALSE,TRUE,FALSE
Akash,79.84626719,78.7173852,TRUE,TRUE,FALSE,TRUE,TRUE,FALSE,FALSE,FALSE,FALSE,FALSE,FALSE,TRUE,FALSE,FALSE,FALSE,FALSE,TRUE,0,FALSE,0,35.08363093,FALSE,TRUE,TRUE,FALSE,FALSE,FALSE
Akash,76.01909528,46.12820307,TRUE,TRUE,FALSE,TRUE,FALSE,FALSE,FALSE,FALSE,TRUE,TRUE,FALSE,TRUE,FALSE,FALSE,FALSE,FALSE,TRUE,1,FALSE,1,24.29145122,FALSE,TRUE,TRUE,FALSE,FALSE,FALSE
Akash,83.24830926,36.49913796,FALSE,FALSE,TRUE,TRUE,TRUE,FALSE,FALSE,FALSE,FALSE,FALSE,FALSE,FALSE,FALSE,FALSE,FALSE,FALSE,FALSE,1,FALSE,1,21.51493477,TRUE,FALSE,FALSE,TRUE,FALSE,FALSE
Akash,80.83326356,78.73582823,FALSE,TRUE,FALSE,TRUE,FALSE,TRUE,FALSE,FALSE,FALSE,FALSE,FALSE,FALSE,FALSE,FALSE,FALSE,FALSE,TRUE,1,FALSE,0,34.5414477,TRUE,FALSE,FALSE,TRUE,FALSE,FALSE
Akash,93.40506577,50.42261643,TRUE,TRUE,FALSE,TRUE,FALSE,FALSE,FALSE,FALSE,FALSE,FALSE,FALSE,FALSE,FALSE,FALSE,FALSE,FALSE,TRUE,0,TRUE,0,6.608461401,FALSE,TRUE,FALSE,TRUE,FALSE,FALSE
Akash,81.59459899,30.90016243,FALSE,FALSE,TRUE,TRUE,FALSE,TRUE,FALSE,TRUE,FALSE,FALSE,FALSE,FALSE,FALSE,FALSE,FALSE,FALSE,FALSE,1,FALSE,1,26.52475413,FALSE,TRUE,FALSE,FALSE,FALSE,TRUE
Akash,93.99537161,46.54404377,TRUE,TRUE,FALSE,TRUE,FALSE,FALSE,FALSE,FALSE,FALSE,TRUE,FALSE,FALSE,FALSE,FALSE,FALSE,FALSE,TRUE,1,TRUE,1,6.928145178,TRUE,FALSE,FALSE,FALSE,TRUE,FALSE
Akash,79.06364814,30.73787153,TRUE,FALSE,TRUE,TRUE,TRUE,FALSE,FALSE,FALSE,FALSE,TRUE,FALSE,FALSE,FALSE,FALSE,FALSE,FALSE,FALSE,0,FALSE,1,28.44926049,TRUE,FALSE,FALSE,FALSE,FALSE,TRUE
Akash,82.51446322,35.10270577,TRUE,TRUE,FALSE,TRUE,FALSE,FALSE,FALSE,FALSE,TRUE,FALSE,FALSE,FALSE,FALSE,FALSE,FALSE,TRUE,TRUE,1,FALSE,1,22.97114216,FALSE,TRUE,FALSE,FALSE,TRUE,FALSE
Akash,63.67952764,41.67222076,TRUE,FALSE,TRUE,TRUE,FALSE,FALSE,FALSE,FALSE,TRUE,FALSE,FALSE,FALSE,FALSE,TRUE,FALSE,FALSE,FALSE,0,FALSE,0,37.26296579,FALSE,TRUE,TRUE,FALSE,FALSE,FALSE
Akash,84.32616184,27.09212548,FALSE,TRUE,FALSE,TRUE,FALSE,FALSE,FALSE,TRUE,TRUE,FALSE,FALSE,FALSE,FALSE,FALSE,FALSE,FALSE,TRUE,1,FALSE,1,27.75679949,FALSE,TRUE,FALSE,TRUE,FALSE,FALSE
Akash,73.85489632,21.03932094,FALSE,TRUE,FALSE,TRUE,FALSE,FALSE,FALSE,FALSE,TRUE,FALSE,FALSE,FALSE,FALSE,FALSE,FALSE,TRUE,TRUE,1,FALSE,0,39.01650136,FALSE,TRUE,FALSE,TRUE,FALSE,FALSE
Akash,82.95139147,34.80407999,FALSE,FALSE,TRUE,TRUE,FALSE,TRUE,FALSE,FALSE,FALSE,FALSE,FALSE,FALSE,FALSE,FALSE,FALSE,FALSE,FALSE,0,FALSE,1,22.83792981,TRUE,FALSE,TRUE,FALSE,FALSE,FALSE
Akash,97.38281635,45.56103773,TRUE,FALSE,TRUE,TRUE,FALSE,TRUE,FALSE,FALSE,FALSE,FALSE,FALSE,TRUE,FALSE,FALSE,FALSE,FALSE,FALSE,0,FALSE,1,5.153060865,FALSE,TRUE,FALSE,TRUE,FALSE,FALSE
Akash,96.81581837,54.66288188,TRUE,FALSE,TRUE,TRUE,TRUE,FALSE,FALSE,FALSE,FALSE,FALSE,FALSE,FALSE,FALSE,FALSE,FALSE,TRUE,FALSE,0,FALSE,0,5.646368754,FALSE,TRUE,TRUE,FALSE,FALSE,FALSE
Akash,91.865332,47.68559778,FALSE,FALSE,TRUE,TRUE,FALSE,FALSE,FALSE,FALSE,TRUE,FALSE,FALSE,FALSE,FALSE,FALSE,FALSE,FALSE,FALSE,1,FALSE,0,8.457498518,TRUE,FALSE,FALSE,TRUE,FALSE,FALSE
Akash,86.50762274,62.78185662,FALSE,TRUE,FALSE,TRUE,TRUE,FALSE,FALSE,TRUE,FALSE,TRUE,FALSE,FALSE,FALSE,FALSE,FALSE,FALSE,TRUE,1,FALSE,1,18.58548097,TRUE,FALSE,FALSE,FALSE,FALSE,TRUE
Akash,80.15200241,37.23381552,FALSE,TRUE,FALSE,TRUE,TRUE,FALSE,FALSE,FALSE,FALSE,FALSE,FALSE,FALSE,FALSE,FALSE,FALSE,FALSE,TRUE,1,FALSE,0,23.59912021,FALSE,TRUE,TRUE,FALSE,FALSE,FALSE
Akash,76.12328314,57.68636483,FALSE,TRUE,FALSE,TRUE,FALSE,FALSE,FALSE,FALSE,FALSE,FALSE,FALSE,FALSE,FALSE,FALSE,FALSE,FALSE,TRUE,0,TRUE,0,25.08341708,TRUE,FALSE,FALSE,TRUE,FALSE,FALSE
Akash,95.37536793,56.84406394,TRUE,FALSE,TRUE,TRUE,FALSE,FALSE,FALSE,FALSE,FALSE,FALSE,FALSE,FALSE,FALSE,FALSE,FALSE,FALSE,FALSE,1,TRUE,1,8.260050428,FALSE,TRUE,TRUE,FALSE,FALSE,FALSE
Akash,93.44066568,49.67627604,FALSE,FALSE,TRUE,TRUE,FALSE,TRUE,FALSE,FALSE,FALSE,FALSE,FALSE,FALSE,FALSE,FALSE,FALSE,FALSE,FALSE,0,FALSE,0,6.567317865,FALSE,TRUE,FALSE,TRUE,FALSE,FALSE
Akash,69.21972912,63.21610516,FALSE,FALSE,TRUE,TRUE,TRUE,FALSE,FALSE,FALSE,FALSE,FALSE,FALSE,FALSE,FALSE,FALSE,FALSE,FALSE,FALSE,1,FALSE,1,33.49761949,TRUE,FALSE,TRUE,FALSE,FALSE,FALSE
Akash,85.39030575,35.14288628,FALSE,TRUE,FALSE,TRUE,TRUE,FALSE,FALSE,FALSE,FALSE,FALSE,FALSE,FALSE,FALSE,FALSE,FALSE,FALSE,TRUE,0,FALSE,1,20.83691421,TRUE,FALSE,FALSE,TRUE,FALSE,FALSE
Akash,70.84722504,39.35406609,FALSE,TRUE,FALSE,FALSE,TRUE,FALSE,FALSE,TRUE,FALSE,FALSE,FALSE,FALSE,FALSE,FALSE,TRUE,TRUE,TRUE,1,FALSE,1,31.03578897,FALSE,TRUE,FALSE,TRUE,FALSE,FALSE
Akash,90.34136415,50.41624858,FALSE,TRUE,FALSE,TRUE,FALSE,TRUE,FALSE,FALSE,FALSE,FALSE,FALSE,FALSE,FALSE,FALSE,FALSE,TRUE,TRUE,1,FALSE,1,9.667601009,TRUE,FALSE,FALSE,FALSE,TRUE,FALSE
Akash,87.92298015,61.70475598,TRUE,TRUE,FALSE,TRUE,FALSE,TRUE,FALSE,TRUE,FALSE,FALSE,FALSE,FALSE,TRUE,FALSE,FALSE,FALSE,TRUE,0,FALSE,0,16.81831505,TRUE,FALSE,FALSE,TRUE,FALSE,FALSE
Akash,77.79380552,61.00596084,FALSE,TRUE,FALSE,TRUE,TRUE,FALSE,FALSE,TRUE,FALSE,FALSE,FALSE,TRUE,FALSE,FALSE,FALSE,FALSE,TRUE,0,FALSE,0,24.78399175,FALSE,TRUE,FALSE,FALSE,FALSE,TRUE
Akash,78.51206745,50.30464974,TRUE,FALSE,TRUE,TRUE,TRUE,FALSE,FALSE,FALSE,FALSE,FALSE,FALSE,FALSE,TRUE,FALSE,FALSE,FALSE,FALSE,1,FALSE,1,21.49009206,FALSE,TRUE,FALSE,TRUE,FALSE,FALSE
Akash,93.38266441,48.68859667,TRUE,TRUE,FALSE,FALSE,TRUE,FALSE,FALSE,FALSE,FALSE,TRUE,FALSE,FALSE,TRUE,FALSE,TRUE,FALSE,TRUE,0,FALSE,1,6.746029128,TRUE,FALSE,TRUE,FALSE,FALSE,FALSE
Akash,77.11781514,52.88933522,TRUE,TRUE,FALSE,TRUE,TRUE,FALSE,FALSE,TRUE,FALSE,FALSE,FALSE,FALSE,FALSE,FALSE,FALSE,FALSE,TRUE,1,FALSE,0,23.06388176,TRUE,FALSE,TRUE,FALSE,FALSE,FALSE
Akash,94.50046142,56.47436822,FALSE,TRUE,FALSE,FALSE,TRUE,FALSE,FALSE,TRUE,FALSE,FALSE,TRUE,TRUE,FALSE,FALSE,FALSE,FALSE,TRUE,1,FALSE,0,8.494843633,FALSE,TRUE,FALSE,FALSE,FALSE,TRUE
Akash,70.11339506,72.3717285,FALSE,FALSE,TRUE,TRUE,TRUE,FALSE,FALSE,FALSE,FALSE,FALSE,FALSE,TRUE,FALSE,FALSE,FALSE,FALSE,FALSE,0,FALSE,0,37.33233707,FALSE,TRUE,TRUE,FALSE,FALSE,FALSE
Akash,77.17268094,48.14904749,TRUE,FALSE,TRUE,TRUE,FALSE,TRUE,FALSE,FALSE,FALSE,FALSE,FALSE,FALSE,FALSE,FALSE,FALSE,FALSE,FALSE,1,FALSE,0,22.90223833,FALSE,TRUE,TRUE,FALSE,FALSE,FALSE
Akash,64.92929848,64.1426506,FALSE,TRUE,FALSE,TRUE,TRUE,FALSE,FALSE,FALSE,FALSE,FALSE,FALSE,FALSE,FALSE,FALSE,FALSE,FALSE,TRUE,1,FALSE,1,37.81492656,FALSE,TRUE,FALSE,FALSE,TRUE,FALSE
Akash,88.20723459,63.17833212,FALSE,FALSE,TRUE,TRUE,FALSE,FALSE,FALSE,FALSE,TRUE,FALSE,FALSE,FALSE,TRUE,FALSE,FALSE,FALSE,FALSE,1,FALSE,0,17.68439293,TRUE,FALSE,FALSE,TRUE,FALSE,FALSE
Akash,72.96473471,64.36614459,FALSE,TRUE,FALSE,TRUE,FALSE,FALSE,FALSE,FALSE,FALSE,FALSE,FALSE,FALSE,FALSE,TRUE,FALSE,FALSE,TRUE,0,TRUE,0,30.61521974,TRUE,FALSE,FALSE,FALSE,TRUE,FALSE
Akash,93.69612729,55.38127576,TRUE,TRUE,FALSE,TRUE,FALSE,FALSE,FALSE,FALSE,FALSE,FALSE,FALSE,FALSE,FALSE,FALSE,FALSE,FALSE,TRUE,0,TRUE,1,8.288361716,TRUE,FALSE,FALSE,FALSE,FALSE,TRUE
Akash,95.18794352,43.79936825,TRUE,FALSE,TRUE,TRUE,TRUE,FALSE,FALSE,FALSE,FALSE,FALSE,FALSE,FALSE,FALSE,FALSE,FALSE,FALSE,FALSE,0,FALSE,0,7.848803837,TRUE,FALSE,TRUE,FALSE,FALSE,FALSE
Akash,76.69125193,60.619378,FALSE,FALSE,TRUE,TRUE,FALSE,TRUE,FALSE,TRUE,FALSE,FALSE,FALSE,FALSE,FALSE,FALSE,FALSE,FALSE,FALSE,0,FALSE,0,25.61384246,FALSE,TRUE,FALSE,TRUE,FALSE,FALSE
Akash,83.25992353,50.27972223,TRUE,TRUE,FALSE,FALSE,FALSE,TRUE,FALSE,FALSE,FALSE,FALSE,TRUE,FALSE,FALSE,FALSE,FALSE,FALSE,TRUE,0,FALSE,1,16.74241335,TRUE,FALSE,TRUE,FALSE,FALSE,FALSE
Akash,91.38291192,52.69055712,FALSE,FALSE,TRUE,TRUE,TRUE,FALSE,FALSE,FALSE,FALSE,FALSE,FALSE,TRUE,FALSE,FALSE,FALSE,FALSE,FALSE,0,FALSE,0,9.027364207,TRUE,FALSE,FALSE,FALSE,TRUE,FALSE
Akash,95.19016273,47.85177803,TRUE,FALSE,TRUE,TRUE,TRUE,FALSE,FALSE,FALSE,FALSE,FALSE,FALSE,FALSE,FALSE,FALSE,FALSE,FALSE,FALSE,1,FALSE,1,5.267769183,TRUE,FALSE,TRUE,FALSE,FALSE,FALSE
Akash,87.28477789,50.2411224,FALSE,FALSE,TRUE,TRUE,FALSE,TRUE,FALSE,FALSE,FALSE,FALSE,FALSE,FALSE,FALSE,FALSE,FALSE,FALSE,FALSE,1,FALSE,1,12.71750814,FALSE,TRUE,FALSE,FALSE,TRUE,FALSE
Akash,82.6659608,56.44763718,TRUE,FALSE,TRUE,TRUE,TRUE,FALSE,FALSE,FALSE,FALSE,FALSE,FALSE,FALSE,FALSE,FALSE,FALSE,FALSE,FALSE,1,FALSE,1,18.49434887,TRUE,FALSE,FALSE,TRUE,FALSE,FALSE
Akash,77.41808149,53.7931582,TRUE,FALSE,TRUE,TRUE,TRUE,FALSE,FALSE,TRUE,FALSE,TRUE,FALSE,FALSE,FALSE,FALSE,FALSE,FALSE,FALSE,1,FALSE,0,22.89827707,TRUE,FALSE,FALSE,FALSE,TRUE,FALSE
Akash,80.24501272,41.84330321,TRUE,TRUE,FALSE,TRUE,TRUE,FALSE,FALSE,FALSE,FALSE,FALSE,FALSE,FALSE,FALSE,FALSE,FALSE,FALSE,TRUE,1,FALSE,1,21.37267473,FALSE,TRUE,TRUE,FALSE,FALSE,FALSE
Akash,89.44389353,61.93310878,TRUE,TRUE,FALSE,TRUE,FALSE,TRUE,FALSE,FALSE,FALSE,TRUE,FALSE,FALSE,FALSE,FALSE,FALSE,FALSE,TRUE,1,FALSE,0,15.9320579,TRUE,FALSE,FALSE,FALSE,FALSE,TRUE
Akash,73.38279645,65.05731221,FALSE,FALSE,TRUE,TRUE,TRUE,FALSE,FALSE,TRUE,FALSE,FALSE,FALSE,FALSE,FALSE,FALSE,FALSE,FALSE,FALSE,1,FALSE,1,30.58101005,FALSE,TRUE,TRUE,FALSE,FALSE,FALSE
Akash,88.47484972,69.86462609,FALSE,TRUE,FALSE,FALSE,FALSE,TRUE,FALSE,FALSE,FALSE,FALSE,FALSE,FALSE,FALSE,FALSE,TRUE,FALSE,TRUE,0,FALSE,0,22.96589773,FALSE,TRUE,TRUE,FALSE,FALSE,FALSE
Akash,95.32808282,54.40981285,FALSE,FALSE,TRUE,FALSE,FALSE,TRUE,FALSE,TRUE,FALSE,FALSE,TRUE,FALSE,FALSE,FALSE,FALSE,FALSE,FALSE,0,FALSE,1,6.424426783,TRUE,FALSE,FALSE,FALSE,FALSE,TRUE
Akash,81.86769615,38.79892057,FALSE,FALSE,TRUE,TRUE,TRUE,FALSE,FALSE,FALSE,FALSE,FALSE,FALSE,FALSE,FALSE,FALSE,FALSE,FALSE,FALSE,0,FALSE,0,21.31301535,FALSE,TRUE,TRUE,FALSE,FALSE,FALSE
Akash,87.61513887,37.2730018,TRUE,TRUE,FALSE,TRUE,FALSE,FALSE,FALSE,FALSE,FALSE,TRUE,FALSE,FALSE,FALSE,FALSE,FALSE,FALSE,TRUE,1,TRUE,0,17.75841402,TRUE,FALSE,FALSE,TRUE,FALSE,FALSE
Akash,76.52878159,18.94704397,TRUE,TRUE,FALSE,TRUE,FALSE,FALSE,FALSE,TRUE,FALSE,FALSE,FALSE,FALSE,FALSE,FALSE,FALSE,FALSE,TRUE,0,TRUE,1,38.92536669,TRUE,FALSE,FALSE,FALSE,FALSE,TRUE
Akash,85.40987131,53.50722742,FALSE,TRUE,FALSE,FALSE,FALSE,FALSE,FALSE,FALSE,FALSE,TRUE,TRUE,FALSE,FALSE,FALSE,FALSE,FALSE,TRUE,1,TRUE,1,15.00574888,FALSE,TRUE,FALSE,FALSE,TRUE,FALSE
Akash,83.88629837,48.41455101,FALSE,TRUE,FALSE,TRUE,FALSE,FALSE,FALSE,FALSE,FALSE,TRUE,FALSE,FALSE,FALSE,FALSE,FALSE,FALSE,TRUE,0,TRUE,0,16.19151101,TRUE,FALSE,TRUE,FALSE,FALSE,FALSE
Binod,66.86830298,28.19037835,FALSE,FALSE,TRUE,FALSE,TRUE,FALSE,TRUE,FALSE,FALSE,FALSE,TRUE,FALSE,TRUE,FALSE,FALSE,FALSE,FALSE,0,FALSE,0,39.66571497,TRUE,FALSE,FALSE,FALSE,TRUE,FALSE
Binod,85.19066703,44.27961315,TRUE,FALSE,TRUE,TRUE,FALSE,TRUE,FALSE,FALSE,FALSE,FALSE,FALSE,FALSE,FALSE,FALSE,FALSE,FALSE,FALSE,0,FALSE,0,15.87574152,FALSE,TRUE,FALSE,FALSE,FALSE,TRUE
Binod,85.38428196,64.77667181,TRUE,TRUE,FALSE,TRUE,FALSE,FALSE,FALSE,TRUE,FALSE,FALSE,FALSE,FALSE,FALSE,FALSE,FALSE,FALSE,TRUE,0,TRUE,1,20.7838698,TRUE,FALSE,FALSE,FALSE,TRUE,FALSE
Binod,90.93525666,53.55922371,FALSE,TRUE,FALSE,FALSE,FALSE,TRUE,TRUE,FALSE,FALSE,FALSE,TRUE,FALSE,FALSE,FALSE,FALSE,FALSE,TRUE,0,FALSE,0,9.738462162,FALSE,TRUE,FALSE,FALSE,TRUE,FALSE
Binod,82.94313014,45.59163669,FALSE,TRUE,FALSE,TRUE,FALSE,TRUE,FALSE,TRUE,FALSE,FALSE,FALSE,FALSE,FALSE,FALSE,FALSE,TRUE,TRUE,0,FALSE,0,17.61733455,TRUE,FALSE,FALSE,TRUE,FALSE,FALSE
Binod,84.99367821,68.9068733,TRUE,FALSE,TRUE,TRUE,TRUE,FALSE,FALSE,FALSE,FALSE,FALSE,FALSE,FALSE,FALSE,FALSE,FALSE,FALSE,FALSE,0,FALSE,1,24.13834194,TRUE,FALSE,FALSE,TRUE,FALSE,FALSE
Binod,91.69612689,47.32928473,TRUE,TRUE,FALSE,TRUE,TRUE,FALSE,FALSE,FALSE,FALSE,TRUE,FALSE,FALSE,FALSE,FALSE,FALSE,TRUE,TRUE,1,FALSE,1,8.722787892,TRUE,FALSE,FALSE,FALSE,FALSE,TRUE
Binod,87.76348943,41.78777394,FALSE,TRUE,FALSE,FALSE,TRUE,FALSE,FALSE,FALSE,FALSE,FALSE,TRUE,FALSE,FALSE,FALSE,FALSE,FALSE,TRUE,1,FALSE,0,14.73678553,FALSE,TRUE,TRUE,FALSE,FALSE,FALSE
Binod,94.85300091,55.13724161,TRUE,FALSE,TRUE,TRUE,TRUE,FALSE,FALSE,FALSE,FALSE,FALSE,FALSE,TRUE,FALSE,FALSE,FALSE,FALSE,FALSE,0,FALSE,0,7.272059618,FALSE,TRUE,FALSE,FALSE,TRUE,FALSE
Binod,83.82159767,58.40537402,FALSE,FALSE,TRUE,TRUE,TRUE,FALSE,FALSE,FALSE,FALSE,TRUE,FALSE,FALSE,FALSE,FALSE,FALSE,FALSE,FALSE,0,FALSE,0,18.23159385,TRUE,FALSE,FALSE,FALSE,FALSE,TRUE
Binod,90.84709302,53.47554377,TRUE,TRUE,FALSE,TRUE,FALSE,TRUE,FALSE,TRUE,FALSE,FALSE,FALSE,FALSE,TRUE,FALSE,FALSE,FALSE,TRUE,1,FALSE,0,9.790562328,TRUE,FALSE,TRUE,FALSE,FALSE,FALSE
Binod,80.55469907,69.81103932,TRUE,TRUE,FALSE,TRUE,FALSE,TRUE,FALSE,FALSE,FALSE,FALSE,FALSE,FALSE,FALSE,FALSE,FALSE,FALSE,TRUE,0,FALSE,0,27.75962909,TRUE,FALSE,TRUE,FALSE,FALSE,FALSE
Binod,95.57433891,46.46549669,TRUE,TRUE,FALSE,FALSE,TRUE,FALSE,FALSE,FALSE,FALSE,FALSE,TRUE,FALSE,FALSE,FALSE,FALSE,FALSE,TRUE,1,FALSE,0,5.663849374,FALSE,TRUE,FALSE,TRUE,FALSE,FALSE
Binod,96.18142802,46.30297695,TRUE,TRUE,FALSE,TRUE,FALSE,TRUE,FALSE,FALSE,FALSE,FALSE,FALSE,FALSE,FALSE,FALSE,FALSE,FALSE,TRUE,1,FALSE,1,5.315023174,FALSE,TRUE,TRUE,FALSE,FALSE,FALSE
Binod,72.02561781,53.02097213,TRUE,FALSE,TRUE,TRUE,FALSE,TRUE,FALSE,TRUE,FALSE,FALSE,FALSE,FALSE,FALSE,FALSE,FALSE,TRUE,FALSE,1,FALSE,1,28.13702777,TRUE,FALSE,FALSE,FALSE,FALSE,TRUE
Binod,69.08042385,29.40440538,FALSE,TRUE,FALSE,FALSE,FALSE,FALSE,TRUE,FALSE,FALSE,FALSE,TRUE,FALSE,FALSE,FALSE,FALSE,FALSE,TRUE,1,TRUE,0,37.15102565,FALSE,TRUE,FALSE,FALSE,TRUE,FALSE
Binod,81.8214734,46.88537354,FALSE,TRUE,FALSE,TRUE,FALSE,TRUE,FALSE,TRUE,FALSE,FALSE,FALSE,FALSE,TRUE,FALSE,FALSE,FALSE,TRUE,1,FALSE,1,18.44341962,TRUE,FALSE,FALSE,FALSE,FALSE,TRUE
Binod,82.90047573,42.90154535,FALSE,TRUE,FALSE,TRUE,FALSE,TRUE,FALSE,TRUE,FALSE,FALSE,FALSE,FALSE,FALSE,FALSE,FALSE,FALSE,TRUE,1,FALSE,1,18.51436709,TRUE,FALSE,FALSE,FALSE,TRUE,FALSE
Binod,84.11007025,43.64185572,FALSE,FALSE,TRUE,TRUE,TRUE,FALSE,FALSE,FALSE,FALSE,FALSE,FALSE,FALSE,FALSE,FALSE,FALSE,FALSE,FALSE,0,FALSE,1,17.11478501,TRUE,FALSE,FALSE,TRUE,FALSE,FALSE
Binod,87.2357484,59.89701115,TRUE,FALSE,TRUE,TRUE,FALSE,TRUE,FALSE,FALSE,FALSE,FALSE,FALSE,FALSE,FALSE,FALSE,FALSE,FALSE,FALSE,0,FALSE,0,16.15168563,TRUE,FALSE,FALSE,TRUE,FALSE,FALSE
Binod,91.94967928,47.66437816,TRUE,FALSE,TRUE,TRUE,FALSE,FALSE,FALSE,TRUE,FALSE,FALSE,FALSE,FALSE,FALSE,FALSE,FALSE,FALSE,FALSE,1,TRUE,1,8.382290447,TRUE,FALSE,TRUE,FALSE,FALSE,FALSE
Binod,82.39019452,53.13405972,TRUE,TRUE,FALSE,TRUE,FALSE,TRUE,FALSE,TRUE,FALSE,FALSE,FALSE,FALSE,FALSE,FALSE,FALSE,FALSE,TRUE,1,FALSE,1,17.88651949,FALSE,TRUE,FALSE,FALSE,FALSE,TRUE
Binod,62.61644998,50.9171284,FALSE,FALSE,TRUE,TRUE,TRUE,FALSE,FALSE,FALSE,FALSE,FALSE,FALSE,FALSE,FALSE,FALSE,FALSE,FALSE,FALSE,1,FALSE,0,37.39479825,FALSE,TRUE,FALSE,FALSE,TRUE,FALSE
Binod,85.28440851,50.67269831,TRUE,TRUE,FALSE,TRUE,TRUE,FALSE,FALSE,FALSE,FALSE,FALSE,FALSE,FALSE,FALSE,FALSE,FALSE,FALSE,TRUE,1,FALSE,1,14.7309591,FALSE,TRUE,FALSE,TRUE,FALSE,FALSE
Binod,87.5285817,63.3399656,TRUE,FALSE,TRUE,TRUE,TRUE,FALSE,FALSE,TRUE,FALSE,FALSE,FALSE,TRUE,FALSE,FALSE,FALSE,FALSE,FALSE,1,FALSE,0,18.26173477,TRUE,FALSE,TRUE,FALSE,FALSE,FALSE
Binod,72.08420253,33.2890328,FALSE,TRUE,FALSE,TRUE,TRUE,FALSE,FALSE,FALSE,FALSE,FALSE,FALSE,TRUE,TRUE,FALSE,FALSE,FALSE,TRUE,0,FALSE,1,32.5353373,FALSE,TRUE,FALSE,FALSE,TRUE,FALSE
Binod,81.66375746,62.08771689,FALSE,TRUE,FALSE,FALSE,FALSE,TRUE,FALSE,FALSE,FALSE,FALSE,TRUE,FALSE,FALSE,FALSE,FALSE,FALSE,TRUE,1,FALSE,1,21.96202837,FALSE,TRUE,FALSE,TRUE,FALSE,FALSE
Binod,93.03287802,55.65934097,TRUE,FALSE,TRUE,FALSE,FALSE,TRUE,TRUE,TRUE,FALSE,FALSE,TRUE,FALSE,TRUE,FALSE,TRUE,FALSE,FALSE,1,FALSE,0,8.976019655,FALSE,TRUE,TRUE,FALSE,FALSE,FALSE
Binod,85.82751326,55.59535172,FALSE,TRUE,FALSE,TRUE,TRUE,FALSE,FALSE,FALSE,FALSE,FALSE,FALSE,FALSE,FALSE,FALSE,FALSE,FALSE,TRUE,1,FALSE,0,15.23703847,FALSE,TRUE,TRUE,FALSE,FALSE,FALSE
Binod,66.97770377,70.15928616,FALSE,FALSE,TRUE,TRUE,FALSE,FALSE,FALSE,TRUE,TRUE,FALSE,FALSE,FALSE,FALSE,FALSE,FALSE,FALSE,FALSE,1,FALSE,1,38.68938959,FALSE,TRUE,FALSE,FALSE,TRUE,FALSE
Binod,65.63708026,49.61179428,TRUE,TRUE,FALSE,TRUE,TRUE,FALSE,FALSE,FALSE,FALSE,FALSE,FALSE,FALSE,FALSE,FALSE,FALSE,FALSE,TRUE,0,FALSE,0,34.36511249,TRUE,FALSE,FALSE,FALSE,FALSE,TRUE
Binod,95.30486717,56.1960272,FALSE,TRUE,FALSE,TRUE,TRUE,FALSE,FALSE,TRUE,FALSE,FALSE,FALSE,FALSE,FALSE,FALSE,FALSE,FALSE,TRUE,0,FALSE,1,7.773996743,FALSE,TRUE,FALSE,FALSE,FALSE,TRUE
Binod,62.15112108,55.69791485,FALSE,TRUE,FALSE,TRUE,FALSE,FALSE,FALSE,FALSE,FALSE,FALSE,FALSE,FALSE,FALSE,FALSE,FALSE,FALSE,TRUE,1,TRUE,0,38.27536896,TRUE,FALSE,TRUE,FALSE,FALSE,FALSE
Binod,80.52021007,65.69518135,TRUE,TRUE,FALSE,TRUE,FALSE,FALSE,FALSE,TRUE,TRUE,TRUE,FALSE,FALSE,FALSE,FALSE,FALSE,FALSE,TRUE,0,FALSE,1,25.01601354,TRUE,FALSE,FALSE,FALSE,TRUE,FALSE
Binod,75.17568607,50.86105127,FALSE,TRUE,FALSE,TRUE,FALSE,FALSE,FALSE,TRUE,TRUE,FALSE,FALSE,FALSE,TRUE,FALSE,FALSE,FALSE,TRUE,1,FALSE,0,24.83924257,FALSE,TRUE,FALSE,FALSE,FALSE,TRUE
Binod,72.09389048,61.52413314,FALSE,TRUE,FALSE,TRUE,TRUE,FALSE,FALSE,FALSE,FALSE,FALSE,FALSE,FALSE,FALSE,FALSE,FALSE,FALSE,TRUE,1,FALSE,0,30.19199552,FALSE,TRUE,FALSE,FALSE,TRUE,FALSE
Binod,85.49600128,25.46353903,TRUE,FALSE,TRUE,TRUE,FALSE,TRUE,FALSE,FALSE,FALSE,FALSE,FALSE,FALSE,TRUE,FALSE,FALSE,FALSE,FALSE,0,FALSE,0,28.5026998,TRUE,FALSE,FALSE,TRUE,FALSE,FALSE
Binod,66.61421477,70.31623672,FALSE,TRUE,FALSE,TRUE,FALSE,TRUE,FALSE,TRUE,FALSE,TRUE,FALSE,FALSE,FALSE,FALSE,FALSE,FALSE,TRUE,0,FALSE,0,39.08145506,FALSE,TRUE,TRUE,FALSE,FALSE,FALSE
Binod,86.15288729,67.47754213,FALSE,FALSE,TRUE,TRUE,FALSE,FALSE,FALSE,FALSE,FALSE,TRUE,FALSE,FALSE,FALSE,FALSE,FALSE,FALSE,FALSE,1,TRUE,0,22.29813914,FALSE,TRUE,FALSE,FALSE,FALSE,TRUE
Binod,74.57948211,27.77145611,TRUE,TRUE,FALSE,TRUE,FALSE,TRUE,FALSE,TRUE,FALSE,TRUE,FALSE,FALSE,FALSE,FALSE,FALSE,FALSE,TRUE,1,FALSE,0,33.76848965,TRUE,FALSE,FALSE,TRUE,FALSE,FALSE
Binod,74.91515221,51.60139686,TRUE,TRUE,FALSE,TRUE,TRUE,FALSE,FALSE,FALSE,FALSE,FALSE,FALSE,FALSE,TRUE,FALSE,FALSE,FALSE,TRUE,0,FALSE,0,25.13591177,TRUE,FALSE,FALSE,FALSE,FALSE,TRUE
Binod,70.50171355,35.24383561,FALSE,FALSE,TRUE,TRUE,TRUE,FALSE,FALSE,FALSE,FALSE,FALSE,FALSE,FALSE,FALSE,FALSE,FALSE,FALSE,FALSE,1,FALSE,0,32.98322742,FALSE,TRUE,TRUE,FALSE,FALSE,FALSE
Binod,94.15068122,54.61677526,FALSE,TRUE,FALSE,TRUE,FALSE,TRUE,FALSE,TRUE,FALSE,FALSE,FALSE,FALSE,FALSE,FALSE,FALSE,FALSE,TRUE,0,FALSE,0,7.451787972,TRUE,FALSE,TRUE,FALSE,FALSE,FALSE
Binod,84.04973394,63.628376,FALSE,TRUE,FALSE,FALSE,TRUE,FALSE,TRUE,FALSE,FALSE,FALSE,TRUE,FALSE,FALSE,FALSE,FALSE,FALSE,TRUE,0,FALSE,1,20.97960009,FALSE,TRUE,FALSE,FALSE,FALSE,TRUE
Binod,84.16348136,57.81010804,FALSE,TRUE,FALSE,TRUE,TRUE,FALSE,FALSE,FALSE,FALSE,FALSE,FALSE,TRUE,FALSE,FALSE,FALSE,FALSE,TRUE,1,FALSE,1,17.65766435,FALSE,TRUE,FALSE,TRUE,FALSE,FALSE
Binod,84.41989492,50.75408007,FALSE,TRUE,FALSE,FALSE,TRUE,FALSE,FALSE,FALSE,FALSE,FALSE,TRUE,FALSE,FALSE,FALSE,FALSE,FALSE,TRUE,0,FALSE,1,15.59834321,TRUE,FALSE,TRUE,FALSE,FALSE,FALSE
Binod,95.4814191,54.49214199,TRUE,FALSE,TRUE,TRUE,TRUE,FALSE,FALSE,TRUE,FALSE,FALSE,FALSE,FALSE,FALSE,FALSE,FALSE,FALSE,FALSE,1,FALSE,0,6.371570681,TRUE,FALSE,FALSE,TRUE,FALSE,FALSE
Binod,93.10774704,43.23569948,TRUE,TRUE,FALSE,TRUE,FALSE,FALSE,FALSE,TRUE,FALSE,FALSE,FALSE,FALSE,FALSE,FALSE,FALSE,FALSE,TRUE,1,TRUE,0,9.657065412,TRUE,FALSE,FALSE,FALSE,TRUE,FALSE
Binod,92.50347064,46.3303502,TRUE,TRUE,FALSE,TRUE,FALSE,FALSE,FALSE,FALSE,FALSE,FALSE,FALSE,FALSE,FALSE,FALSE,FALSE,FALSE,TRUE,1,TRUE,1,8.346513169,FALSE,TRUE,TRUE,FALSE,FALSE,FALSE
Binod,90.00095032,44.57253812,FALSE,TRUE,FALSE,TRUE,FALSE,TRUE,FALSE,FALSE,FALSE,FALSE,FALSE,FALSE,FALSE,FALSE,FALSE,FALSE,TRUE,0,FALSE,0,11.37709704,FALSE,TRUE,FALSE,FALSE,TRUE,FALSE
Binod,64.05964388,50.83787825,TRUE,TRUE,FALSE,TRUE,FALSE,FALSE,FALSE,TRUE,TRUE,FALSE,FALSE,FALSE,FALSE,FALSE,FALSE,FALSE,TRUE,1,FALSE,1,35.95012153,FALSE,TRUE,FALSE,FALSE,FALSE,TRUE
Binod,76.30092027,54.68036592,FALSE,TRUE,FALSE,TRUE,FALSE,FALSE,FALSE,FALSE,FALSE,FALSE,FALSE,FALSE,FALSE,FALSE,FALSE,FALSE,TRUE,0,TRUE,1,24.15682523,TRUE,FALSE,FALSE,FALSE,FALSE,TRUE
Binod,83.5283781,63.40598636,TRUE,TRUE,FALSE,FALSE,FALSE,FALSE,FALSE,TRUE,FALSE,FALSE,TRUE,FALSE,FALSE,FALSE,FALSE,FALSE,TRUE,1,TRUE,1,21.23757986,TRUE,FALSE,TRUE,FALSE,FALSE,FALSE
Binod,81.50016074,42.01115712,FALSE,FALSE,TRUE,TRUE,TRUE,FALSE,FALSE,FALSE,FALSE,TRUE,FALSE,FALSE,FALSE,FALSE,FALSE,FALSE,FALSE,1,FALSE,0,20.15107102,FALSE,TRUE,FALSE,FALSE,FALSE,TRUE
Binod,88.66322302,35.07247516,TRUE,FALSE,TRUE,TRUE,FALSE,FALSE,FALSE,TRUE,FALSE,FALSE,FALSE,FALSE,FALSE,FALSE,FALSE,FALSE,FALSE,0,TRUE,1,18.74442611,TRUE,FALSE,FALSE,TRUE,FALSE,FALSE
Binod,64.84725202,59.35735831,FALSE,FALSE,TRUE,TRUE,TRUE,FALSE,FALSE,FALSE,FALSE,FALSE,FALSE,TRUE,FALSE,FALSE,FALSE,FALSE,FALSE,1,FALSE,1,36.37685865,TRUE,FALSE,FALSE,FALSE,FALSE,TRUE
Binod,79.82955547,49.0732142,TRUE,FALSE,TRUE,TRUE,FALSE,FALSE,FALSE,TRUE,FALSE,FALSE,FALSE,FALSE,FALSE,FALSE,FALSE,FALSE,FALSE,1,TRUE,1,20.19172515,FALSE,TRUE,FALSE,FALSE,TRUE,FALSE
Binod,93.93102401,44.14501799,TRUE,FALSE,TRUE,TRUE,FALSE,TRUE,FALSE,FALSE,FALSE,FALSE,FALSE,FALSE,FALSE,FALSE,FALSE,FALSE,FALSE,1,FALSE,1,8.432869256,FALSE,TRUE,FALSE,FALSE,FALSE,TRUE
Binod,83.07579967,34.60294023,TRUE,TRUE,FALSE,TRUE,FALSE,FALSE,FALSE,FALSE,FALSE,FALSE,FALSE,FALSE,FALSE,FALSE,FALSE,FALSE,TRUE,0,TRUE,0,22.88007881,FALSE,TRUE,FALSE,FALSE,FALSE,TRUE
Binod,86.15623285,73.13151709,FALSE,TRUE,FALSE,TRUE,FALSE,FALSE,FALSE,FALSE,TRUE,FALSE,FALSE,FALSE,FALSE,FALSE,FALSE,TRUE,TRUE,0,FALSE,0,26.95768855,TRUE,FALSE,FALSE,TRUE,FALSE,FALSE
Binod,84.01982328,71.67310806,TRUE,FALSE,TRUE,TRUE,FALSE,FALSE,FALSE,TRUE,FALSE,FALSE,FALSE,FALSE,FALSE,FALSE,FALSE,FALSE,FALSE,1,TRUE,0,26.92748895,FALSE,TRUE,TRUE,FALSE,FALSE,FALSE
Binod,94.87908629,52.28864557,TRUE,TRUE,FALSE,TRUE,FALSE,FALSE,FALSE,FALSE,FALSE,FALSE,FALSE,TRUE,TRUE,TRUE,FALSE,FALSE,TRUE,0,TRUE,1,5.609069067,FALSE,TRUE,TRUE,FALSE,FALSE,FALSE
Binod,95.09993543,51.94305169,TRUE,TRUE,FALSE,TRUE,FALSE,FALSE,FALSE,FALSE,FALSE,FALSE,FALSE,TRUE,FALSE,FALSE,FALSE,FALSE,TRUE,0,TRUE,0,5.271250578,FALSE,TRUE,FALSE,FALSE,FALSE,TRUE
Binod,70.18577538,43.72842938,FALSE,TRUE,FALSE,TRUE,FALSE,FALSE,FALSE,FALSE,FALSE,TRUE,FALSE,TRUE,FALSE,FALSE,FALSE,FALSE,TRUE,0,TRUE,1,30.46671279,FALSE,TRUE,FALSE,FALSE,TRUE,FALSE
Binod,81.93969537,80.62948037,TRUE,TRUE,FALSE,TRUE,FALSE,FALSE,FALSE,FALSE,FALSE,FALSE,FALSE,FALSE,FALSE,FALSE,FALSE,FALSE,TRUE,1,TRUE,0,35.55755435,FALSE,TRUE,FALSE,FALSE,FALSE,TRUE
Binod,92.96309257,54.46831399,FALSE,TRUE,FALSE,FALSE,FALSE,FALSE,FALSE,FALSE,FALSE,FALSE,FALSE,FALSE,FALSE,FALSE,TRUE,FALSE,TRUE,0,TRUE,1,8.335700095,FALSE,TRUE,FALSE,TRUE,FALSE,FALSE
Binod,93.22457434,49.31339157,TRUE,FALSE,TRUE,TRUE,TRUE,FALSE,FALSE,FALSE,FALSE,TRUE,FALSE,FALSE,FALSE,FALSE,FALSE,FALSE,FALSE,0,FALSE,0,6.810126581,FALSE,TRUE,FALSE,FALSE,TRUE,FALSE
Binod,67.47699118,35.75398568,TRUE,FALSE,TRUE,FALSE,FALSE,FALSE,FALSE,FALSE,FALSE,FALSE,FALSE,FALSE,FALSE,FALSE,TRUE,TRUE,FALSE,0,TRUE,1,35.50626742,TRUE,FALSE,TRUE,FALSE,FALSE,FALSE
Binod,67.95436033,43.68545149,FALSE,FALSE,TRUE,TRUE,FALSE,TRUE,FALSE,FALSE,FALSE,FALSE,FALSE,FALSE,FALSE,FALSE,FALSE,FALSE,FALSE,0,FALSE,1,32.66185152,FALSE,TRUE,FALSE,FALSE,FALSE,TRUE
Binod,84.71432381,45.94801226,FALSE,TRUE,FALSE,TRUE,FALSE,TRUE,FALSE,FALSE,FALSE,FALSE,FALSE,FALSE,FALSE,FALSE,FALSE,FALSE,TRUE,0,FALSE,1,15.81361759,FALSE,TRUE,FALSE,FALSE,FALSE,TRUE
Binod,70.98885589,28.84646483,FALSE,TRUE,FALSE,TRUE,FALSE,TRUE,FALSE,FALSE,FALSE,FALSE,FALSE,FALSE,FALSE,FALSE,FALSE,FALSE,TRUE,0,FALSE,1,35.90429686,FALSE,TRUE,FALSE,FALSE,TRUE,FALSE
Binod,75.40453698,40.95316844,FALSE,FALSE,TRUE,TRUE,FALSE,FALSE,FALSE,FALSE,FALSE,FALSE,FALSE,FALSE,FALSE,FALSE,FALSE,FALSE,FALSE,0,TRUE,0,26.20652519,FALSE,TRUE,FALSE,FALSE,FALSE,TRUE
Binod,84.20276927,27.41092223,TRUE,TRUE,FALSE,TRUE,FALSE,FALSE,FALSE,FALSE,TRUE,FALSE,FALSE,FALSE,FALSE,FALSE,FALSE,FALSE,TRUE,0,FALSE,0,27.56481331,FALSE,TRUE,FALSE,FALSE,TRUE,FALSE
Binod,93.02822641,51.73212969,TRUE,FALSE,TRUE,TRUE,TRUE,FALSE,FALSE,FALSE,FALSE,FALSE,FALSE,FALSE,FALSE,FALSE,FALSE,FALSE,FALSE,1,FALSE,0,7.183724679,FALSE,TRUE,FALSE,FALSE,FALSE,TRUE
Binod,85.37806867,53.64186375,FALSE,FALSE,TRUE,TRUE,FALSE,TRUE,FALSE,FALSE,FALSE,FALSE,FALSE,FALSE,FALSE,FALSE,FALSE,FALSE,FALSE,1,FALSE,0,15.06864451,TRUE,FALSE,FALSE,TRUE,FALSE,FALSE
Binod,79.50690229,47.09345731,FALSE,TRUE,FALSE,FALSE,FALSE,FALSE,FALSE,TRUE,FALSE,FALSE,TRUE,FALSE,FALSE,FALSE,FALSE,FALSE,TRUE,0,TRUE,0,20.6981894,FALSE,TRUE,FALSE,FALSE,FALSE,TRUE
Binod,93.33366109,51.011768,TRUE,FALSE,TRUE,TRUE,FALSE,FALSE,FALSE,FALSE,FALSE,FALSE,FALSE,FALSE,FALSE,FALSE,FALSE,FALSE,FALSE,1,TRUE,0,6.74268114,TRUE,FALSE,FALSE,FALSE,TRUE,FALSE
Binod,93.12615716,55.37251773,TRUE,TRUE,FALSE,TRUE,TRUE,FALSE,FALSE,TRUE,FALSE,FALSE,FALSE,FALSE,FALSE,FALSE,FALSE,FALSE,TRUE,0,FALSE,0,8.724314422,FALSE,TRUE,FALSE,TRUE,FALSE,FALSE
Binod,80.4686757,52.64542501,FALSE,TRUE,FALSE,TRUE,FALSE,TRUE,FALSE,TRUE,FALSE,FALSE,FALSE,FALSE,FALSE,FALSE,FALSE,FALSE,TRUE,1,FALSE,0,19.7096652,TRUE,FALSE,FALSE,FALSE,TRUE,FALSE
Binod,69.99357193,33.40094482,FALSE,FALSE,TRUE,TRUE,FALSE,FALSE,FALSE,FALSE,TRUE,FALSE,FALSE,FALSE,FALSE,FALSE,FALSE,FALSE,FALSE,0,FALSE,0,34.29160769,TRUE,FALSE,FALSE,FALSE,TRUE,FALSE
Binod,69.31596513,49.24457088,TRUE,TRUE,FALSE,FALSE,TRUE,FALSE,FALSE,FALSE,FALSE,TRUE,TRUE,FALSE,FALSE,FALSE,FALSE,FALSE,TRUE,0,FALSE,1,30.69333265,FALSE,TRUE,FALSE,FALSE,FALSE,TRUE
Binod,93.70779259,56.05250196,TRUE,TRUE,FALSE,TRUE,TRUE,FALSE,FALSE,FALSE,FALSE,TRUE,FALSE,FALSE,FALSE,FALSE,FALSE,FALSE,TRUE,1,FALSE,1,8.730673169,TRUE,FALSE,FALSE,FALSE,FALSE,TRUE
Binod,80.37397517,46.38799837,FALSE,TRUE,FALSE,TRUE,TRUE,FALSE,FALSE,FALSE,FALSE,FALSE,FALSE,FALSE,FALSE,FALSE,FALSE,FALSE,TRUE,0,FALSE,1,19.95563595,FALSE,TRUE,FALSE,FALSE,TRUE,FALSE
Binod,72.20422653,25.83293613,FALSE,TRUE,FALSE,TRUE,FALSE,FALSE,FALSE,TRUE,FALSE,FALSE,FALSE,FALSE,FALSE,FALSE,FALSE,FALSE,TRUE,1,TRUE,0,36.83275715,FALSE,TRUE,FALSE,TRUE,FALSE,FALSE
Binod,78.36098098,50.76736727,FALSE,FALSE,TRUE,TRUE,TRUE,FALSE,FALSE,FALSE,FALSE,FALSE,FALSE,FALSE,FALSE,FALSE,FALSE,FALSE,FALSE,1,FALSE,1,21.65262101,TRUE,FALSE,FALSE,TRUE,FALSE,FALSE
Binod,83.11644367,65.65478883,FALSE,TRUE,FALSE,TRUE,TRUE,FALSE,FALSE,FALSE,FALSE,FALSE,FALSE,TRUE,FALSE,FALSE,FALSE,FALSE,TRUE,0,FALSE,1,23.02448453,TRUE,FALSE,FALSE,TRUE,FALSE,FALSE
Binod,69.93808433,57.31264495,FALSE,TRUE,FALSE,FALSE,TRUE,FALSE,FALSE,FALSE,FALSE,TRUE,FALSE,FALSE,FALSE,FALSE,TRUE,FALSE,TRUE,0,FALSE,1,30.93854473,FALSE,TRUE,FALSE,FALSE,FALSE,TRUE
Binod,69.77799758,38.97372307,FALSE,TRUE,FALSE,FALSE,FALSE,FALSE,FALSE,FALSE,FALSE,FALSE,FALSE,FALSE,FALSE,FALSE,TRUE,FALSE,TRUE,1,TRUE,0,32.17061102,TRUE,FALSE,TRUE,FALSE,FALSE,FALSE
Binod,76.07729825,52.92546272,FALSE,TRUE,FALSE,TRUE,TRUE,FALSE,FALSE,TRUE,FALSE,FALSE,FALSE,FALSE,TRUE,FALSE,FALSE,FALSE,TRUE,0,FALSE,1,24.10091266,TRUE,FALSE,FALSE,FALSE,FALSE,TRUE
Binod,92.51221127,52.07242423,FALSE,TRUE,FALSE,TRUE,FALSE,TRUE,FALSE,TRUE,FALSE,FALSE,FALSE,FALSE,FALSE,FALSE,FALSE,FALSE,TRUE,1,FALSE,1,7.76929355,FALSE,TRUE,TRUE,FALSE,FALSE,FALSE
Binod,87.90018346,66.20479616,FALSE,TRUE,FALSE,TRUE,TRUE,FALSE,FALSE,TRUE,FALSE,FALSE,FALSE,FALSE,FALSE,FALSE,FALSE,TRUE,TRUE,0,FALSE,1,20.22377262,FALSE,TRUE,FALSE,FALSE,FALSE,TRUE
Binod,90.82272204,61.60041784,FALSE,TRUE,FALSE,TRUE,TRUE,FALSE,FALSE,FALSE,FALSE,FALSE,FALSE,FALSE,FALSE,FALSE,FALSE,FALSE,TRUE,0,FALSE,1,14.79162347,FALSE,TRUE,FALSE,FALSE,FALSE,TRUE
Binod,93.34258546,42.75838392,FALSE,TRUE,FALSE,TRUE,TRUE,FALSE,FALSE,FALSE,FALSE,TRUE,FALSE,FALSE,FALSE,FALSE,FALSE,FALSE,TRUE,1,FALSE,0,9.836776497,TRUE,FALSE,TRUE,FALSE,FALSE,FALSE
Binod,92.99553913,48.33285202,TRUE,TRUE,FALSE,FALSE,FALSE,FALSE,TRUE,FALSE,TRUE,FALSE,TRUE,FALSE,FALSE,FALSE,FALSE,FALSE,TRUE,0,FALSE,0,7.200128782,FALSE,TRUE,TRUE,FALSE,FALSE,FALSE
Binod,93.30079996,47.82206547,TRUE,TRUE,FALSE,TRUE,FALSE,FALSE,FALSE,TRUE,FALSE,FALSE,FALSE,FALSE,FALSE,FALSE,FALSE,FALSE,TRUE,1,TRUE,1,7.044336729,TRUE,FALSE,FALSE,TRUE,FALSE,FALSE
Binod,76.62547143,80.37652352,FALSE,TRUE,FALSE,TRUE,FALSE,FALSE,FALSE,FALSE,FALSE,FALSE,FALSE,TRUE,FALSE,FALSE,FALSE,FALSE,TRUE,0,TRUE,0,38.32886337,FALSE,TRUE,FALSE,FALSE,FALSE,TRUE
Binod,80.1309893,34.67779746,FALSE,TRUE,FALSE,TRUE,TRUE,FALSE,FALSE,FALSE,FALSE,TRUE,FALSE,FALSE,FALSE,FALSE,FALSE,FALSE,TRUE,1,FALSE,1,25.0907847,TRUE,FALSE,FALSE,FALSE,FALSE,TRUE
Binod,92.09417257,47.43711972,FALSE,FALSE,TRUE,TRUE,FALSE,FALSE,FALSE,TRUE,FALSE,FALSE,FALSE,FALSE,TRUE,FALSE,FALSE,FALSE,FALSE,0,TRUE,0,8.310864137,FALSE,TRUE,FALSE,FALSE,TRUE,FALSE
Binod,67.57408315,38.92405398,TRUE,TRUE,FALSE,TRUE,FALSE,FALSE,FALSE,TRUE,TRUE,TRUE,FALSE,FALSE,FALSE,FALSE,FALSE,FALSE,TRUE,1,FALSE,0,34.26538579,FALSE,TRUE,TRUE,FALSE,FALSE,FALSE
Binod,93.70935146,56.50354193,TRUE,TRUE,FALSE,TRUE,FALSE,TRUE,FALSE,TRUE,FALSE,FALSE,FALSE,TRUE,FALSE,FALSE,FALSE,FALSE,TRUE,0,FALSE,1,9.048111222,FALSE,TRUE,FALSE,FALSE,FALSE,TRUE
Heshan,86.08516902,25.95257481,TRUE,TRUE,FALSE,TRUE,FALSE,FALSE,FALSE,FALSE,FALSE,FALSE,FALSE,FALSE,FALSE,FALSE,FALSE,FALSE,TRUE,1,TRUE,0,27.78310961,FALSE,TRUE,TRUE,FALSE,FALSE,FALSE
Heshan,82.42520752,50.36023701,TRUE,FALSE,TRUE,TRUE,FALSE,FALSE,FALSE,FALSE,FALSE,TRUE,FALSE,FALSE,TRUE,FALSE,FALSE,FALSE,FALSE,0,TRUE,0,17.57848405,FALSE,TRUE,FALSE,TRUE,FALSE,FALSE
Heshan,86.00138285,47.01086103,TRUE,FALSE,TRUE,TRUE,TRUE,FALSE,FALSE,TRUE,FALSE,TRUE,FALSE,FALSE,FALSE,FALSE,FALSE,TRUE,FALSE,1,FALSE,0,14.31419694,TRUE,FALSE,FALSE,FALSE,FALSE,TRUE
Heshan,75.45017358,34.76195077,FALSE,TRUE,FALSE,TRUE,FALSE,FALSE,FALSE,FALSE,FALSE,FALSE,FALSE,FALSE,FALSE,FALSE,FALSE,FALSE,TRUE,0,TRUE,1,28.89449985,FALSE,TRUE,FALSE,FALSE,TRUE,FALSE
Heshan,83.90517052,53.77671083,TRUE,FALSE,TRUE,TRUE,TRUE,FALSE,FALSE,TRUE,FALSE,FALSE,FALSE,FALSE,FALSE,FALSE,FALSE,FALSE,FALSE,1,FALSE,0,16.53200171,TRUE,FALSE,FALSE,FALSE,FALSE,TRUE
Heshan,80.14882446,27.23539104,FALSE,TRUE,FALSE,TRUE,FALSE,FALSE,FALSE,FALSE,TRUE,TRUE,FALSE,FALSE,FALSE,FALSE,FALSE,FALSE,TRUE,0,FALSE,0,30.2042479,TRUE,FALSE,FALSE,TRUE,FALSE,FALSE
Heshan,86.73151021,61.59071431,TRUE,TRUE,FALSE,FALSE,FALSE,FALSE,FALSE,FALSE,FALSE,FALSE,TRUE,FALSE,FALSE,FALSE,FALSE,FALSE,TRUE,0,TRUE,0,17.61810091,TRUE,FALSE,FALSE,FALSE,FALSE,TRUE
Heshan,74.86928642,61.71444894,TRUE,TRUE,FALSE,TRUE,FALSE,TRUE,FALSE,TRUE,FALSE,FALSE,FALSE,FALSE,FALSE,FALSE,FALSE,FALSE,TRUE,1,FALSE,0,27.72690172,TRUE,FALSE,TRUE,FALSE,FALSE,FALSE
Heshan,80.05196787,40.35344565,FALSE,TRUE,FALSE,TRUE,TRUE,FALSE,FALSE,TRUE,FALSE,FALSE,FALSE,FALSE,TRUE,FALSE,FALSE,FALSE,TRUE,0,FALSE,1,22.15806843,FALSE,TRUE,FALSE,TRUE,FALSE,FALSE
Heshan,83.83842103,43.0999383,FALSE,TRUE,FALSE,TRUE,TRUE,FALSE,FALSE,TRUE,FALSE,FALSE,FALSE,FALSE,FALSE,FALSE,FALSE,FALSE,TRUE,1,FALSE,1,17.57291912,FALSE,TRUE,TRUE,FALSE,FALSE,FALSE
Heshan,74.91924288,19.57977432,FALSE,TRUE,FALSE,TRUE,FALSE,FALSE,FALSE,FALSE,TRUE,FALSE,FALSE,FALSE,FALSE,FALSE,FALSE,FALSE,TRUE,1,FALSE,1,39.42631746,FALSE,TRUE,TRUE,FALSE,FALSE,FALSE
Heshan,74.18595179,46.5757491,TRUE,FALSE,TRUE,FALSE,TRUE,FALSE,FALSE,FALSE,FALSE,FALSE,FALSE,FALSE,FALSE,FALSE,TRUE,FALSE,FALSE,1,FALSE,0,26.04017241,TRUE,FALSE,FALSE,FALSE,TRUE,FALSE
Heshan,66.08831011,37.76939916,FALSE,FALSE,TRUE,TRUE,TRUE,FALSE,FALSE,TRUE,FALSE,FALSE,FALSE,FALSE,TRUE,FALSE,FALSE,FALSE,FALSE,0,FALSE,0,36.0498309,TRUE,FALSE,TRUE,FALSE,FALSE,FALSE
Heshan,84.88417167,47.84269444,TRUE,TRUE,FALSE,TRUE,FALSE,TRUE,FALSE,FALSE,FALSE,FALSE,FALSE,FALSE,FALSE,FALSE,FALSE,FALSE,TRUE,1,FALSE,0,15.26899582,FALSE,TRUE,FALSE,FALSE,TRUE,FALSE
Heshan,74.27681517,55.24842839,TRUE,FALSE,TRUE,TRUE,FALSE,TRUE,FALSE,TRUE,FALSE,FALSE,FALSE,FALSE,FALSE,FALSE,FALSE,FALSE,FALSE,0,FALSE,0,26.25315674,TRUE,FALSE,TRUE,FALSE,FALSE,FALSE
Heshan,80.26679074,53.09262932,FALSE,FALSE,TRUE,TRUE,TRUE,FALSE,FALSE,FALSE,FALSE,FALSE,FALSE,FALSE,FALSE,FALSE,FALSE,FALSE,FALSE,0,FALSE,1,19.9740808,FALSE,TRUE,FALSE,FALSE,FALSE,TRUE
Heshan,87.04799877,37.45321836,FALSE,FALSE,TRUE,TRUE,FALSE,FALSE,FALSE,FALSE,FALSE,FALSE,FALSE,FALSE,FALSE,FALSE,FALSE,FALSE,FALSE,0,TRUE,0,18.03263889,FALSE,TRUE,FALSE,FALSE,TRUE,FALSE
Heshan,75.91962391,40.1571923,FALSE,TRUE,FALSE,TRUE,FALSE,FALSE,FALSE,TRUE,TRUE,FALSE,FALSE,FALSE,FALSE,FALSE,FALSE,FALSE,TRUE,0,FALSE,0,26.01433021,FALSE,TRUE,FALSE,TRUE,FALSE,FALSE
Heshan,73.20946954,52.19508486,FALSE,TRUE,FALSE,TRUE,FALSE,FALSE,FALSE,FALSE,FALSE,FALSE,FALSE,FALSE,FALSE,FALSE,FALSE,FALSE,TRUE,1,TRUE,0,26.88030728,TRUE,FALSE,FALSE,TRUE,FALSE,FALSE
Heshan,64.61231361,57.13270044,TRUE,TRUE,FALSE,TRUE,FALSE,FALSE,FALSE,FALSE,FALSE,FALSE,FALSE,TRUE,TRUE,FALSE,FALSE,FALSE,TRUE,1,TRUE,0,36.0993596,TRUE,FALSE,FALSE,FALSE,FALSE,TRUE
Heshan,83.58418972,67.30605254,FALSE,TRUE,FALSE,TRUE,TRUE,FALSE,FALSE,FALSE,FALSE,TRUE,FALSE,TRUE,FALSE,FALSE,FALSE,FALSE,TRUE,1,FALSE,1,23.85326564,TRUE,FALSE,FALSE,TRUE,FALSE,FALSE
Heshan,86.09972718,26.68854054,FALSE,TRUE,FALSE,TRUE,TRUE,FALSE,FALSE,FALSE,FALSE,FALSE,FALSE,FALSE,FALSE,FALSE,FALSE,FALSE,TRUE,0,FALSE,0,27.14114453,TRUE,FALSE,FALSE,FALSE,TRUE,FALSE
Heshan,61.62198009,52.54113798,FALSE,TRUE,FALSE,TRUE,TRUE,FALSE,FALSE,FALSE,FALSE,FALSE,FALSE,FALSE,FALSE,FALSE,FALSE,FALSE,TRUE,1,FALSE,0,38.46205655,TRUE,FALSE,FALSE,FALSE,TRUE,FALSE
Heshan,81.58404799,41.11776936,TRUE,TRUE,FALSE,TRUE,FALSE,FALSE,FALSE,TRUE,FALSE,TRUE,FALSE,FALSE,TRUE,FALSE,FALSE,FALSE,TRUE,1,TRUE,0,20.44605854,FALSE,TRUE,TRUE,FALSE,FALSE,FALSE
Heshan,76.77675117,76.19485322,FALSE,FALSE,TRUE,TRUE,FALSE,TRUE,FALSE,FALSE,FALSE,FALSE,FALSE,FALSE,TRUE,FALSE,FALSE,FALSE,FALSE,1,FALSE,1,35.00699389,TRUE,FALSE,FALSE,FALSE,FALSE,TRUE
Heshan,87.96894667,37.61403152,TRUE,TRUE,FALSE,TRUE,TRUE,FALSE,FALSE,FALSE,FALSE,FALSE,FALSE,FALSE,FALSE,FALSE,FALSE,FALSE,TRUE,1,FALSE,0,17.26726555,TRUE,FALSE,FALSE,TRUE,FALSE,FALSE
Heshan,85.79203651,34.55070875,FALSE,TRUE,FALSE,TRUE,TRUE,FALSE,FALSE,TRUE,FALSE,TRUE,FALSE,TRUE,FALSE,FALSE,FALSE,FALSE,TRUE,0,FALSE,0,20.98920738,TRUE,FALSE,FALSE,TRUE,FALSE,FALSE
Heshan,80.96894847,47.53794928,FALSE,TRUE,FALSE,TRUE,FALSE,TRUE,FALSE,TRUE,FALSE,FALSE,FALSE,FALSE,TRUE,FALSE,FALSE,FALSE,TRUE,0,FALSE,0,19.18964867,TRUE,FALSE,FALSE,FALSE,TRUE,FALSE
Heshan,95.4740325,47.69030118,TRUE,TRUE,FALSE,TRUE,FALSE,FALSE,FALSE,FALSE,FALSE,TRUE,FALSE,FALSE,FALSE,FALSE,FALSE,FALSE,TRUE,1,TRUE,1,5.081248904,TRUE,FALSE,TRUE,FALSE,FALSE,FALSE
Heshan,77.75188292,77.59071794,FALSE,FALSE,TRUE,TRUE,FALSE,TRUE,FALSE,FALSE,FALSE,FALSE,FALSE,TRUE,FALSE,FALSE,FALSE,FALSE,FALSE,0,FALSE,0,35.4432847,TRUE,FALSE,FALSE,FALSE,TRUE,FALSE
Heshan,62.31424483,38.85984425,FALSE,FALSE,TRUE,FALSE,FALSE,TRUE,FALSE,FALSE,FALSE,FALSE,FALSE,TRUE,FALSE,FALSE,TRUE,FALSE,FALSE,0,FALSE,0,39.29782708,FALSE,TRUE,FALSE,TRUE,FALSE,FALSE
Heshan,96.88007722,53.93530892,FALSE,TRUE,FALSE,TRUE,TRUE,FALSE,FALSE,FALSE,FALSE,FALSE,FALSE,FALSE,FALSE,FALSE,FALSE,FALSE,TRUE,0,FALSE,0,5.022009008,FALSE,TRUE,FALSE,FALSE,TRUE,FALSE
Heshan,96.46747314,44.56209775,FALSE,TRUE,FALSE,TRUE,FALSE,TRUE,FALSE,FALSE,FALSE,FALSE,FALSE,FALSE,FALSE,FALSE,FALSE,FALSE,TRUE,1,FALSE,0,6.484560651,FALSE,TRUE,FALSE,FALSE,FALSE,TRUE
Heshan,88.1780592,50.71773559,TRUE,TRUE,FALSE,FALSE,TRUE,FALSE,FALSE,TRUE,FALSE,FALSE,TRUE,FALSE,FALSE,FALSE,FALSE,FALSE,TRUE,0,FALSE,1,11.8437084,FALSE,TRUE,FALSE,TRUE,FALSE,FALSE
Heshan,88.7053719,35.11865854,TRUE,TRUE,FALSE,TRUE,TRUE,FALSE,FALSE,TRUE,FALSE,TRUE,FALSE,FALSE,FALSE,FALSE,FALSE,FALSE,TRUE,1,FALSE,0,18.68215586,TRUE,FALSE,FALSE,FALSE,TRUE,FALSE
Heshan,89.48334622,50.89936572,TRUE,TRUE,FALSE,TRUE,TRUE,FALSE,FALSE,TRUE,FALSE,FALSE,FALSE,FALSE,FALSE,FALSE,FALSE,FALSE,TRUE,1,FALSE,1,10.55503981,TRUE,FALSE,FALSE,FALSE,TRUE,FALSE
Heshan,93.94243072,48.13992715,TRUE,TRUE,FALSE,TRUE,FALSE,TRUE,FALSE,TRUE,FALSE,FALSE,FALSE,FALSE,FALSE,FALSE,FALSE,FALSE,TRUE,1,FALSE,0,6.336719707,TRUE,FALSE,TRUE,FALSE,FALSE,FALSE
Heshan,73.35868481,68.14209831,TRUE,FALSE,TRUE,TRUE,FALSE,FALSE,FALSE,FALSE,FALSE,TRUE,FALSE,FALSE,FALSE,FALSE,FALSE,TRUE,FALSE,1,TRUE,0,32.23190044,TRUE,FALSE,FALSE,FALSE,TRUE,FALSE
Heshan,62.26094949,44.86013681,TRUE,TRUE,FALSE,TRUE,FALSE,FALSE,FALSE,FALSE,FALSE,FALSE,FALSE,TRUE,TRUE,FALSE,FALSE,FALSE,TRUE,0,TRUE,1,38.08745367,TRUE,FALSE,FALSE,FALSE,FALSE,TRUE
Heshan,94.70594151,52.78837348,FALSE,TRUE,FALSE,TRUE,FALSE,FALSE,FALSE,FALSE,FALSE,FALSE,FALSE,TRUE,FALSE,TRUE,FALSE,FALSE,TRUE,0,TRUE,0,5.983484096,FALSE,TRUE,FALSE,FALSE,TRUE,FALSE
Heshan,78.02707301,54.25980249,FALSE,TRUE,FALSE,TRUE,TRUE,FALSE,FALSE,TRUE,FALSE,FALSE,FALSE,FALSE,FALSE,FALSE,FALSE,TRUE,TRUE,1,FALSE,1,22.38203382,FALSE,TRUE,FALSE,FALSE,TRUE,FALSE
Heshan,88.58117523,61.83323251,FALSE,FALSE,TRUE,TRUE,FALSE,TRUE,FALSE,FALSE,FALSE,FALSE,FALSE,FALSE,TRUE,FALSE,FALSE,FALSE,FALSE,1,FALSE,1,16.44429843,FALSE,TRUE,TRUE,FALSE,FALSE,FALSE
Heshan,81.31140113,21.23004087,FALSE,TRUE,FALSE,TRUE,TRUE,FALSE,FALSE,TRUE,FALSE,TRUE,FALSE,FALSE,FALSE,FALSE,FALSE,FALSE,TRUE,1,FALSE,0,34.30705869,TRUE,FALSE,FALSE,FALSE,FALSE,TRUE
Heshan,61.13963775,57.07971552,TRUE,FALSE,TRUE,TRUE,FALSE,FALSE,FALSE,TRUE,FALSE,TRUE,FALSE,TRUE,FALSE,FALSE,FALSE,TRUE,FALSE,1,TRUE,1,39.5000016,FALSE,TRUE,TRUE,FALSE,FALSE,FALSE
Heshan,78.48730644,50.44057134,TRUE,TRUE,FALSE,TRUE,TRUE,FALSE,FALSE,FALSE,FALSE,FALSE,FALSE,FALSE,FALSE,FALSE,FALSE,FALSE,TRUE,1,FALSE,1,21.51720445,TRUE,FALSE,FALSE,FALSE,TRUE,FALSE
Heshan,88.46474236,61.69958209,FALSE,FALSE,TRUE,TRUE,FALSE,FALSE,FALSE,FALSE,FALSE,FALSE,FALSE,FALSE,TRUE,FALSE,FALSE,FALSE,FALSE,0,TRUE,1,16.42992361,FALSE,TRUE,FALSE,FALSE,FALSE,TRUE
Heshan,87.23373546,39.05410067,TRUE,TRUE,FALSE,TRUE,TRUE,FALSE,FALSE,FALSE,FALSE,FALSE,FALSE,FALSE,FALSE,FALSE,FALSE,TRUE,TRUE,1,FALSE,0,16.81636769,TRUE,FALSE,FALSE,FALSE,FALSE,TRUE
Heshan,82.14283007,48.46806081,TRUE,TRUE,FALSE,FALSE,TRUE,FALSE,FALSE,TRUE,FALSE,FALSE,FALSE,FALSE,FALSE,FALSE,TRUE,TRUE,TRUE,0,FALSE,1,17.92276083,FALSE,TRUE,FALSE,FALSE,TRUE,FALSE
Heshan,82.97336417,65.91572792,FALSE,TRUE,FALSE,TRUE,TRUE,FALSE,FALSE,FALSE,FALSE,FALSE,FALSE,FALSE,FALSE,FALSE,FALSE,FALSE,TRUE,1,FALSE,0,23.30701016,FALSE,TRUE,TRUE,FALSE,FALSE,FALSE
Heshan,87.18913698,36.23513406,FALSE,TRUE,FALSE,TRUE,FALSE,TRUE,FALSE,FALSE,FALSE,FALSE,FALSE,TRUE,FALSE,FALSE,FALSE,FALSE,TRUE,0,FALSE,0,18.80398218,FALSE,TRUE,FALSE,TRUE,FALSE,FALSE
Heshan,94.51893456,48.46570899,TRUE,FALSE,TRUE,TRUE,TRUE,FALSE,FALSE,FALSE,FALSE,FALSE,FALSE,TRUE,FALSE,FALSE,FALSE,FALSE,FALSE,0,FALSE,1,5.691759589,FALSE,TRUE,TRUE,FALSE,FALSE,FALSE
Heshan,90.79168486,37.0151766,FALSE,TRUE,FALSE,TRUE,TRUE,FALSE,FALSE,TRUE,FALSE,FALSE,FALSE,FALSE,FALSE,FALSE,FALSE,FALSE,TRUE,1,FALSE,1,15.91850202,TRUE,FALSE,FALSE,FALSE,FALSE,TRUE
Heshan,89.51067885,64.26381044,FALSE,TRUE,FALSE,TRUE,FALSE,TRUE,FALSE,FALSE,FALSE,FALSE,FALSE,FALSE,FALSE,FALSE,FALSE,FALSE,TRUE,0,FALSE,0,17.70542704,FALSE,TRUE,FALSE,FALSE,FALSE,TRUE
Heshan,96.9797631,54.37305304,TRUE,FALSE,TRUE,TRUE,TRUE,FALSE,FALSE,FALSE,FALSE,FALSE,FALSE,FALSE,FALSE,FALSE,FALSE,FALSE,FALSE,0,FALSE,1,5.314642398,FALSE,TRUE,FALSE,FALSE,TRUE,FALSE
Heshan,90.96030959,52.5523011,FALSE,FALSE,TRUE,TRUE,FALSE,TRUE,FALSE,FALSE,FALSE,FALSE,FALSE,FALSE,FALSE,FALSE,FALSE,FALSE,FALSE,1,FALSE,1,9.393095528,FALSE,TRUE,FALSE,FALSE,FALSE,TRUE
Heshan,79.81544769,42.64078911,FALSE,TRUE,FALSE,TRUE,TRUE,FALSE,FALSE,TRUE,FALSE,FALSE,FALSE,TRUE,TRUE,FALSE,FALSE,FALSE,TRUE,1,FALSE,0,21.4842765,TRUE,FALSE,FALSE,FALSE,FALSE,TRUE
Heshan,94.08060161,52.15535988,TRUE,FALSE,TRUE,TRUE,FALSE,TRUE,FALSE,TRUE,FALSE,FALSE,FALSE,FALSE,TRUE,FALSE,FALSE,FALSE,FALSE,1,FALSE,1,6.299591536,FALSE,TRUE,FALSE,TRUE,FALSE,FALSE
Heshan,90.91474993,51.77857909,TRUE,TRUE,FALSE,TRUE,TRUE,FALSE,FALSE,FALSE,FALSE,FALSE,FALSE,TRUE,FALSE,FALSE,FALSE,FALSE,TRUE,0,FALSE,0,9.257705572,TRUE,FALSE,FALSE,FALSE,FALSE,TRUE
Heshan,84.52025568,28.62636429,FALSE,FALSE,TRUE,TRUE,FALSE,FALSE,FALSE,FALSE,FALSE,FALSE,FALSE,FALSE,FALSE,FALSE,FALSE,FALSE,FALSE,1,TRUE,0,26.39042985,TRUE,FALSE,FALSE,TRUE,FALSE,FALSE
Heshan,61.12719875,50.79933222,FALSE,TRUE,FALSE,TRUE,TRUE,FALSE,FALSE,TRUE,FALSE,TRUE,FALSE,FALSE,FALSE,FALSE,FALSE,FALSE,TRUE,0,FALSE,1,38.88101862,FALSE,TRUE,FALSE,TRUE,FALSE,FALSE
Heshan,85.52641664,65.27001965,TRUE,TRUE,FALSE,TRUE,FALSE,FALSE,FALSE,TRUE,FALSE,FALSE,FALSE,FALSE,FALSE,FALSE,FALSE,FALSE,TRUE,0,TRUE,0,21.0394419,TRUE,FALSE,TRUE,FALSE,FALSE,FALSE
Heshan,91.32897807,51.35014642,TRUE,TRUE,FALSE,TRUE,TRUE,FALSE,FALSE,FALSE,FALSE,FALSE,FALSE,FALSE,TRUE,TRUE,FALSE,FALSE,TRUE,0,FALSE,1,8.775506631,TRUE,FALSE,FALSE,TRUE,FALSE,FALSE
Heshan,63.78882686,55.41106368,FALSE,TRUE,FALSE,TRUE,TRUE,FALSE,FALSE,TRUE,FALSE,FALSE,FALSE,FALSE,FALSE,FALSE,FALSE,FALSE,TRUE,1,FALSE,1,36.61323081,TRUE,FALSE,FALSE,FALSE,TRUE,FALSE
Heshan,95.10424678,48.82790183,FALSE,TRUE,FALSE,FALSE,FALSE,FALSE,FALSE,FALSE,FALSE,FALSE,TRUE,FALSE,FALSE,FALSE,FALSE,FALSE,TRUE,0,TRUE,0,5.034105054,FALSE,TRUE,FALSE,FALSE,TRUE,FALSE
Heshan,93.66944443,50.45187273,FALSE,FALSE,TRUE,TRUE,FALSE,TRUE,FALSE,FALSE,FALSE,FALSE,FALSE,FALSE,FALSE,FALSE,FALSE,FALSE,FALSE,0,FALSE,0,6.346662336,FALSE,TRUE,FALSE,FALSE,TRUE,FALSE
Heshan,86.85743984,34.15350383,TRUE,TRUE,FALSE,TRUE,FALSE,FALSE,FALSE,FALSE,TRUE,FALSE,FALSE,FALSE,FALSE,FALSE,FALSE,FALSE,TRUE,1,FALSE,1,20.58733417,FALSE,TRUE,FALSE,TRUE,FALSE,FALSE
Heshan,87.95709567,36.10752546,TRUE,FALSE,TRUE,TRUE,FALSE,TRUE,FALSE,TRUE,FALSE,FALSE,FALSE,TRUE,FALSE,FALSE,FALSE,TRUE,FALSE,0,FALSE,1,18.38565727,TRUE,FALSE,FALSE,FALSE,TRUE,FALSE
Heshan,68.16687209,56.89747469,FALSE,FALSE,TRUE,TRUE,FALSE,FALSE,FALSE,FALSE,TRUE,FALSE,FALSE,FALSE,FALSE,FALSE,FALSE,FALSE,FALSE,1,FALSE,1,32.57181588,TRUE,FALSE,TRUE,FALSE,FALSE,FALSE
Heshan,77.08997015,53.57734855,TRUE,TRUE,FALSE,TRUE,FALSE,TRUE,FALSE,FALSE,FALSE,TRUE,FALSE,FALSE,FALSE,FALSE,FALSE,FALSE,TRUE,0,FALSE,1,23.18764521,FALSE,TRUE,FALSE,FALSE,TRUE,FALSE
Heshan,94.79051767,48.64137422,TRUE,TRUE,FALSE,TRUE,FALSE,TRUE,FALSE,FALSE,FALSE,FALSE,FALSE,FALSE,TRUE,FALSE,FALSE,FALSE,TRUE,1,FALSE,1,5.383731986,TRUE,FALSE,FALSE,FALSE,FALSE,TRUE
Heshan,94.48971089,48.83323459,FALSE,FALSE,TRUE,TRUE,TRUE,FALSE,FALSE,FALSE,FALSE,FALSE,FALSE,FALSE,FALSE,FALSE,FALSE,TRUE,FALSE,1,FALSE,0,5.632461951,FALSE,TRUE,FALSE,FALSE,FALSE,TRUE
Heshan,93.60682359,48.09419712,TRUE,TRUE,FALSE,TRUE,TRUE,FALSE,FALSE,FALSE,FALSE,FALSE,FALSE,FALSE,FALSE,FALSE,FALSE,FALSE,TRUE,1,FALSE,1,6.671190993,FALSE,TRUE,TRUE,FALSE,FALSE,FALSE
Heshan,67.63724919,58.86156226,TRUE,FALSE,TRUE,TRUE,TRUE,FALSE,FALSE,FALSE,FALSE,FALSE,FALSE,FALSE,FALSE,FALSE,FALSE,FALSE,FALSE,0,FALSE,0,33.55405975,FALSE,TRUE,FALSE,FALSE,TRUE,FALSE
Heshan,79.7764395,39.12667244,FALSE,TRUE,FALSE,TRUE,TRUE,FALSE,FALSE,FALSE,FALSE,FALSE,FALSE,FALSE,FALSE,FALSE,FALSE,FALSE,TRUE,0,FALSE,0,22.96130771,FALSE,TRUE,FALSE,FALSE,TRUE,FALSE
Heshan,69.73645062,26.14936276,FALSE,TRUE,FALSE,FALSE,FALSE,TRUE,TRUE,FALSE,FALSE,FALSE,TRUE,FALSE,FALSE,FALSE,FALSE,FALSE,TRUE,1,FALSE,0,38.53226333,FALSE,TRUE,FALSE,FALSE,TRUE,FALSE
Heshan,93.82933786,55.04563117,FALSE,TRUE,FALSE,TRUE,FALSE,TRUE,FALSE,TRUE,FALSE,FALSE,FALSE,FALSE,FALSE,FALSE,FALSE,FALSE,TRUE,1,FALSE,0,7.970913698,TRUE,FALSE,FALSE,FALSE,FALSE,TRUE
Heshan,78.19263338,73.67606555,FALSE,TRUE,FALSE,TRUE,FALSE,TRUE,FALSE,FALSE,FALSE,FALSE,FALSE,TRUE,FALSE,FALSE,FALSE,FALSE,TRUE,0,FALSE,1,32.18877629,FALSE,TRUE,FALSE,TRUE,FALSE,FALSE
Heshan,85.14795183,49.62998518,TRUE,FALSE,TRUE,TRUE,TRUE,FALSE,FALSE,TRUE,FALSE,TRUE,FALSE,FALSE,FALSE,FALSE,FALSE,TRUE,FALSE,1,FALSE,0,14.85665662,FALSE,TRUE,FALSE,TRUE,FALSE,FALSE
Heshan,94.16982178,52.9066411,FALSE,TRUE,FALSE,TRUE,FALSE,TRUE,FALSE,FALSE,FALSE,FALSE,FALSE,FALSE,FALSE,FALSE,FALSE,FALSE,TRUE,1,FALSE,1,6.514563724,TRUE,FALSE,FALSE,FALSE,FALSE,TRUE
Heshan,84.547349,26.63900678,FALSE,TRUE,FALSE,TRUE,FALSE,FALSE,FALSE,FALSE,FALSE,FALSE,FALSE,FALSE,FALSE,FALSE,FALSE,FALSE,TRUE,1,TRUE,0,28.0092918,TRUE,FALSE,FALSE,FALSE,TRUE,FALSE
Heshan,72.26887416,26.81270153,TRUE,TRUE,FALSE,TRUE,FALSE,TRUE,FALSE,TRUE,FALSE,TRUE,FALSE,FALSE,FALSE,FALSE,FALSE,FALSE,TRUE,0,FALSE,1,36.14783743,TRUE,FALSE,TRUE,FALSE,FALSE,FALSE
Heshan,83.56368517,23.94847583,FALSE,TRUE,FALSE,TRUE,FALSE,TRUE,FALSE,TRUE,FALSE,FALSE,FALSE,FALSE,FALSE,FALSE,FALSE,FALSE,TRUE,0,FALSE,0,30.80315498,FALSE,TRUE,FALSE,TRUE,FALSE,FALSE
Heshan,82.1551893,43.602832,TRUE,TRUE,FALSE,TRUE,FALSE,TRUE,FALSE,FALSE,FALSE,FALSE,FALSE,FALSE,FALSE,FALSE,FALSE,FALSE,TRUE,1,FALSE,1,18.95682008,FALSE,TRUE,FALSE,FALSE,TRUE,FALSE
Heshan,72.71597197,71.61593212,TRUE,TRUE,FALSE,FALSE,FALSE,FALSE,FALSE,TRUE,FALSE,TRUE,TRUE,FALSE,FALSE,FALSE,FALSE,FALSE,TRUE,0,TRUE,1,34.80900325,TRUE,FALSE,TRUE,FALSE,FALSE,FALSE
Heshan,63.94966205,43.25530945,TRUE,FALSE,TRUE,FALSE,TRUE,FALSE,FALSE,FALSE,FALSE,TRUE,TRUE,FALSE,FALSE,FALSE,FALSE,FALSE,FALSE,0,FALSE,0,36.67584651,FALSE,TRUE,TRUE,FALSE,FALSE,FALSE
Heshan,93.47139648,49.63852252,TRUE,TRUE,FALSE,TRUE,TRUE,FALSE,FALSE,FALSE,FALSE,FALSE,FALSE,FALSE,FALSE,FALSE,FALSE,FALSE,TRUE,1,FALSE,0,6.538603049,FALSE,TRUE,FALSE,FALSE,TRUE,FALSE
Heshan,93.73700724,57.47923716,TRUE,TRUE,FALSE,TRUE,FALSE,FALSE,FALSE,TRUE,FALSE,FALSE,FALSE,FALSE,FALSE,FALSE,FALSE,TRUE,TRUE,0,TRUE,1,9.755207163,TRUE,FALSE,FALSE,TRUE,FALSE,FALSE
Heshan,97.05337683,45.77583033,TRUE,TRUE,FALSE,TRUE,TRUE,FALSE,FALSE,FALSE,FALSE,FALSE,FALSE,FALSE,FALSE,FALSE,FALSE,FALSE,TRUE,1,FALSE,1,5.150358967,FALSE,TRUE,FALSE,TRUE,FALSE,FALSE
Heshan,92.66894839,44.55829548,TRUE,TRUE,FALSE,TRUE,FALSE,TRUE,FALSE,FALSE,FALSE,FALSE,FALSE,FALSE,FALSE,FALSE,FALSE,FALSE,TRUE,1,FALSE,1,9.129976221,TRUE,FALSE,TRUE,FALSE,FALSE,FALSE
Heshan,74.83100982,73.48717958,TRUE,FALSE,TRUE,TRUE,TRUE,FALSE,FALSE,FALSE,FALSE,TRUE,FALSE,FALSE,FALSE,FALSE,FALSE,FALSE,FALSE,1,FALSE,0,34.42565426,TRUE,FALSE,TRUE,FALSE,FALSE,FALSE
Heshan,79.58632531,20.20241411,FALSE,FALSE,TRUE,FALSE,TRUE,FALSE,FALSE,FALSE,FALSE,FALSE,TRUE,FALSE,FALSE,FALSE,FALSE,TRUE,FALSE,1,FALSE,1,36.11944406,FALSE,TRUE,TRUE,FALSE,FALSE,FALSE
Heshan,66.26634758,61.45226426,FALSE,TRUE,FALSE,TRUE,TRUE,FALSE,FALSE,FALSE,FALSE,FALSE,FALSE,TRUE,FALSE,FALSE,FALSE,FALSE,TRUE,0,FALSE,1,35.62462157,TRUE,FALSE,FALSE,TRUE,FALSE,FALSE
Heshan,93.66909516,50.54235631,TRUE,TRUE,FALSE,TRUE,FALSE,TRUE,FALSE,FALSE,FALSE,TRUE,FALSE,FALSE,FALSE,FALSE,FALSE,FALSE,TRUE,1,FALSE,0,6.354093676,FALSE,TRUE,FALSE,FALSE,TRUE,FALSE
Heshan,86.70410058,66.02852377,FALSE,TRUE,FALSE,TRUE,FALSE,FALSE,FALSE,TRUE,FALSE,FALSE,FALSE,FALSE,FALSE,FALSE,FALSE,FALSE,TRUE,1,TRUE,0,20.82533351,TRUE,FALSE,FALSE,FALSE,FALSE,TRUE
Heshan,90.38936747,48.71709894,FALSE,TRUE,FALSE,TRUE,FALSE,FALSE,FALSE,FALSE,FALSE,FALSE,FALSE,FALSE,FALSE,FALSE,FALSE,FALSE,TRUE,1,TRUE,1,9.695880194,FALSE,TRUE,FALSE,FALSE,FALSE,TRUE
Heshan,88.44321101,38.0511942,TRUE,FALSE,TRUE,TRUE,FALSE,FALSE,FALSE,TRUE,FALSE,FALSE,FALSE,FALSE,FALSE,FALSE,FALSE,FALSE,FALSE,1,TRUE,0,16.6232768,FALSE,TRUE,TRUE,FALSE,FALSE,FALSE
Heshan,93.85276783,54.59343357,FALSE,TRUE,FALSE,TRUE,FALSE,TRUE,FALSE,TRUE,FALSE,FALSE,FALSE,FALSE,FALSE,FALSE,FALSE,FALSE,TRUE,1,FALSE,0,7.673857917,FALSE,TRUE,FALSE,TRUE,FALSE,FALSE
Heshan,93.68559451,47.9404672,FALSE,TRUE,FALSE,FALSE,FALSE,TRUE,FALSE,FALSE,FALSE,FALSE,FALSE,FALSE,FALSE,FALSE,TRUE,TRUE,TRUE,1,FALSE,1,6.641791324,TRUE,FALSE,TRUE,FALSE,FALSE,FALSE
Heshan,73.93414871,32.5158193,FALSE,TRUE,FALSE,TRUE,TRUE,FALSE,FALSE,FALSE,FALSE,TRUE,FALSE,FALSE,FALSE,FALSE,FALSE,FALSE,TRUE,1,FALSE,1,31.38670384,FALSE,TRUE,FALSE,TRUE,FALSE,FALSE
Heshan,73.84072376,34.19174429,FALSE,TRUE,FALSE,FALSE,FALSE,FALSE,TRUE,FALSE,FALSE,FALSE,TRUE,TRUE,FALSE,FALSE,FALSE,FALSE,TRUE,1,TRUE,0,30.56482753,FALSE,TRUE,TRUE,FALSE,FALSE,FALSE
Imesh,81.18684078,49.48148182,FALSE,TRUE,FALSE,TRUE,FALSE,TRUE,FALSE,FALSE,FALSE,FALSE,FALSE,FALSE,FALSE,FALSE,FALSE,FALSE,TRUE,1,FALSE,1,18.82030343,TRUE,FALSE,FALSE,TRUE,FALSE,FALSE
Imesh,87.59136922,51.65855518,TRUE,TRUE,FALSE,FALSE,FALSE,FALSE,FALSE,TRUE,FALSE,FALSE,TRUE,FALSE,FALSE,FALSE,FALSE,FALSE,TRUE,0,TRUE,1,12.51898251,FALSE,TRUE,FALSE,FALSE,TRUE,FALSE
Imesh,76.40128385,58.20421171,FALSE,TRUE,FALSE,TRUE,FALSE,FALSE,FALSE,FALSE,FALSE,FALSE,FALSE,FALSE,FALSE,TRUE,FALSE,FALSE,TRUE,0,TRUE,0,24.98416485,FALSE,TRUE,FALSE,FALSE,FALSE,TRUE
Imesh,87.61542253,38.91095736,TRUE,TRUE,FALSE,TRUE,FALSE,TRUE,FALSE,FALSE,FALSE,FALSE,FALSE,FALSE,FALSE,FALSE,FALSE,FALSE,TRUE,1,FALSE,0,16.62361651,FALSE,TRUE,TRUE,FALSE,FALSE,FALSE
Imesh,93.93057174,42.48560515,FALSE,FALSE,TRUE,TRUE,FALSE,FALSE,FALSE,TRUE,TRUE,FALSE,FALSE,TRUE,FALSE,TRUE,FALSE,FALSE,FALSE,0,FALSE,1,9.659404196,FALSE,TRUE,FALSE,TRUE,FALSE,FALSE
Imesh,66.67909734,48.91766506,FALSE,TRUE,FALSE,FALSE,TRUE,FALSE,FALSE,FALSE,FALSE,FALSE,TRUE,FALSE,FALSE,TRUE,FALSE,FALSE,TRUE,0,FALSE,0,33.33847632,FALSE,TRUE,FALSE,TRUE,FALSE,FALSE
Imesh,91.4800234,45.44407788,FALSE,TRUE,FALSE,TRUE,FALSE,FALSE,FALSE,TRUE,FALSE,FALSE,FALSE,FALSE,FALSE,FALSE,FALSE,FALSE,TRUE,0,TRUE,1,9.661595507,FALSE,TRUE,FALSE,FALSE,TRUE,FALSE
Imesh,77.80496211,54.21031423,FALSE,TRUE,FALSE,FALSE,FALSE,TRUE,FALSE,FALSE,FALSE,FALSE,TRUE,FALSE,TRUE,FALSE,FALSE,FALSE,TRUE,0,FALSE,1,22.59084888,FALSE,TRUE,FALSE,FALSE,FALSE,TRUE
Imesh,85.6680145,38.97283802,FALSE,FALSE,TRUE,FALSE,FALSE,FALSE,FALSE,FALSE,TRUE,FALSE,FALSE,FALSE,FALSE,FALSE,TRUE,FALSE,FALSE,1,FALSE,1,18.08325495,TRUE,FALSE,FALSE,FALSE,TRUE,FALSE
Imesh,75.15298077,28.55049405,TRUE,FALSE,TRUE,TRUE,FALSE,FALSE,FALSE,FALSE,FALSE,FALSE,FALSE,FALSE,FALSE,FALSE,FALSE,FALSE,FALSE,0,TRUE,1,32.82461987,TRUE,FALSE,FALSE,TRUE,FALSE,FALSE
Imesh,89.66561144,65.90234478,FALSE,TRUE,FALSE,TRUE,TRUE,FALSE,FALSE,FALSE,FALSE,FALSE,FALSE,FALSE,FALSE,FALSE,FALSE,FALSE,TRUE,0,FALSE,0,18.96534093,TRUE,FALSE,FALSE,FALSE,FALSE,TRUE
Imesh,78.27284545,38.33496224,TRUE,TRUE,FALSE,TRUE,TRUE,FALSE,FALSE,TRUE,FALSE,TRUE,FALSE,FALSE,FALSE,FALSE,FALSE,FALSE,TRUE,1,FALSE,1,24.66054238,FALSE,TRUE,FALSE,FALSE,FALSE,TRUE
Imesh,90.1334795,63.99780232,FALSE,TRUE,FALSE,FALSE,FALSE,TRUE,TRUE,FALSE,FALSE,FALSE,TRUE,FALSE,FALSE,FALSE,FALSE,TRUE,TRUE,1,FALSE,0,17.12561522,TRUE,FALSE,FALSE,FALSE,TRUE,FALSE
Imesh,80.28189987,31.27227161,FALSE,TRUE,FALSE,TRUE,FALSE,TRUE,FALSE,FALSE,FALSE,TRUE,FALSE,FALSE,FALSE,FALSE,FALSE,FALSE,TRUE,0,FALSE,0,27.19432447,TRUE,FALSE,FALSE,FALSE,FALSE,TRUE
Imesh,79.52797434,60.89228875,TRUE,FALSE,TRUE,FALSE,TRUE,FALSE,FALSE,FALSE,FALSE,FALSE,TRUE,FALSE,FALSE,FALSE,FALSE,FALSE,FALSE,0,FALSE,0,23.18934645,FALSE,TRUE,FALSE,TRUE,FALSE,FALSE
Imesh,79.62467234,20.70646664,FALSE,TRUE,FALSE,TRUE,FALSE,TRUE,FALSE,FALSE,FALSE,FALSE,FALSE,FALSE,FALSE,FALSE,FALSE,FALSE,TRUE,0,FALSE,0,35.68284005,TRUE,FALSE,FALSE,FALSE,TRUE,FALSE
Imesh,82.49292758,79.80075166,TRUE,TRUE,FALSE,TRUE,TRUE,FALSE,FALSE,FALSE,FALSE,FALSE,FALSE,FALSE,FALSE,FALSE,FALSE,FALSE,TRUE,0,FALSE,1,34.56273115,FALSE,TRUE,TRUE,FALSE,FALSE,FALSE
Imesh,99.56664049,50.18606646,TRUE,TRUE,FALSE,TRUE,FALSE,TRUE,FALSE,TRUE,FALSE,FALSE,FALSE,FALSE,FALSE,FALSE,FALSE,FALSE,TRUE,1,FALSE,1,0.471615517,TRUE,FALSE,FALSE,TRUE,FALSE,FALSE
Imesh,78.10608911,53.20973088,FALSE,TRUE,FALSE,TRUE,TRUE,FALSE,FALSE,FALSE,FALSE,FALSE,FALSE,FALSE,FALSE,FALSE,FALSE,FALSE,TRUE,1,FALSE,1,22.1279395,TRUE,FALSE,FALSE,FALSE,FALSE,TRUE
Imesh,80.7855073,38.88239409,TRUE,FALSE,TRUE,TRUE,TRUE,FALSE,FALSE,FALSE,FALSE,TRUE,FALSE,FALSE,FALSE,FALSE,FALSE,FALSE,FALSE,1,FALSE,0,22.19905157,FALSE,TRUE,FALSE,TRUE,FALSE,FALSE
Imesh,66.6143636,65.8844571,FALSE,TRUE,FALSE,TRUE,TRUE,FALSE,FALSE,FALSE,FALSE,FALSE,FALSE,FALSE,FALSE,FALSE,FALSE,FALSE,TRUE,0,FALSE,1,36.97183652,TRUE,FALSE,FALSE,TRUE,FALSE,FALSE
Imesh,79.32542231,21.8310276,FALSE,TRUE,FALSE,TRUE,TRUE,FALSE,FALSE,FALSE,FALSE,FALSE,FALSE,FALSE,FALSE,FALSE,FALSE,FALSE,TRUE,0,FALSE,1,34.94179688,FALSE,TRUE,FALSE,TRUE,FALSE,FALSE
Imesh,73.29523741,28.05997061,FALSE,FALSE,TRUE,TRUE,TRUE,FALSE,FALSE,FALSE,FALSE,FALSE,FALSE,FALSE,FALSE,FALSE,FALSE,FALSE,FALSE,1,FALSE,0,34.56167292,TRUE,FALSE,FALSE,FALSE,FALSE,TRUE
Imesh,87.47236768,60.28139312,FALSE,TRUE,FALSE,TRUE,TRUE,FALSE,FALSE,FALSE,FALSE,FALSE,FALSE,FALSE,FALSE,FALSE,FALSE,FALSE,TRUE,1,FALSE,1,16.20643749,TRUE,FALSE,TRUE,FALSE,FALSE,FALSE
Imesh,80.67761231,41.38753026,FALSE,FALSE,TRUE,TRUE,FALSE,FALSE,FALSE,FALSE,FALSE,FALSE,FALSE,FALSE,FALSE,FALSE,FALSE,FALSE,FALSE,1,TRUE,1,21.15488835,TRUE,FALSE,FALSE,FALSE,FALSE,TRUE
Imesh,89.24491678,59.02048912,TRUE,TRUE,FALSE,TRUE,TRUE,FALSE,FALSE,FALSE,FALSE,FALSE,FALSE,FALSE,FALSE,FALSE,FALSE,TRUE,TRUE,1,FALSE,0,14.03713073,TRUE,FALSE,FALSE,FALSE,TRUE,FALSE
Imesh,91.93178566,52.09026733,FALSE,FALSE,TRUE,TRUE,TRUE,FALSE,FALSE,FALSE,FALSE,FALSE,FALSE,FALSE,FALSE,FALSE,FALSE,FALSE,FALSE,1,FALSE,0,8.334584586,TRUE,FALSE,FALSE,FALSE,FALSE,TRUE
Imesh,93.54459789,46.22990076,TRUE,TRUE,FALSE,TRUE,FALSE,TRUE,FALSE,FALSE,FALSE,FALSE,FALSE,TRUE,FALSE,FALSE,FALSE,TRUE,TRUE,0,FALSE,1,7.475684899,TRUE,FALSE,FALSE,TRUE,FALSE,FALSE
Imesh,66.30587147,66.03647767,FALSE,TRUE,FALSE,TRUE,FALSE,FALSE,FALSE,FALSE,TRUE,FALSE,FALSE,FALSE,TRUE,FALSE,FALSE,FALSE,TRUE,0,FALSE,1,37.31571939,FALSE,TRUE,FALSE,TRUE,FALSE,FALSE
Imesh,83.76116963,46.40545833,TRUE,TRUE,FALSE,TRUE,TRUE,FALSE,FALSE,FALSE,FALSE,FALSE,FALSE,FALSE,FALSE,FALSE,FALSE,FALSE,TRUE,0,FALSE,0,16.63190733,TRUE,FALSE,FALSE,TRUE,FALSE,FALSE
Imesh,76.52750675,46.00519191,TRUE,FALSE,TRUE,FALSE,FALSE,FALSE,FALSE,FALSE,FALSE,FALSE,FALSE,FALSE,FALSE,FALSE,TRUE,FALSE,FALSE,1,TRUE,1,23.81000696,FALSE,TRUE,FALSE,TRUE,FALSE,FALSE
Imesh,80.58459408,44.76393488,TRUE,TRUE,FALSE,TRUE,TRUE,FALSE,FALSE,FALSE,FALSE,FALSE,FALSE,FALSE,FALSE,FALSE,FALSE,FALSE,TRUE,0,FALSE,1,20.10906176,FALSE,TRUE,FALSE,FALSE,FALSE,TRUE
Imesh,95.16896531,45.12302732,FALSE,FALSE,TRUE,TRUE,TRUE,FALSE,FALSE,TRUE,FALSE,FALSE,FALSE,FALSE,FALSE,FALSE,FALSE,TRUE,FALSE,0,FALSE,1,6.864674697,TRUE,FALSE,FALSE,FALSE,FALSE,TRUE
Imesh,84.53604643,49.96508811,TRUE,TRUE,FALSE,TRUE,FALSE,TRUE,FALSE,FALSE,FALSE,FALSE,FALSE,FALSE,FALSE,FALSE,FALSE,FALSE,TRUE,0,FALSE,1,15.46399298,TRUE,FALSE,FALSE,FALSE,TRUE,FALSE
Imesh,94.43168294,57.59197336,FALSE,TRUE,FALSE,TRUE,TRUE,FALSE,FALSE,FALSE,FALSE,FALSE,FALSE,FALSE,FALSE,FALSE,FALSE,FALSE,TRUE,1,FALSE,1,9.415105648,FALSE,TRUE,TRUE,FALSE,FALSE,FALSE
Imesh,73.69352909,31.51902669,FALSE,TRUE,FALSE,TRUE,FALSE,FALSE,FALSE,FALSE,TRUE,FALSE,FALSE,FALSE,FALSE,FALSE,FALSE,FALSE,TRUE,1,FALSE,0,32.14928905,FALSE,TRUE,TRUE,FALSE,FALSE,FALSE
Imesh,87.93061352,30.65616754,FALSE,TRUE,FALSE,TRUE,TRUE,FALSE,FALSE,FALSE,FALSE,FALSE,FALSE,FALSE,FALSE,FALSE,FALSE,FALSE,TRUE,0,FALSE,0,22.80030579,TRUE,FALSE,TRUE,FALSE,FALSE,FALSE
Imesh,81.49951817,42.73183906,FALSE,TRUE,FALSE,TRUE,FALSE,FALSE,FALSE,FALSE,TRUE,FALSE,FALSE,FALSE,FALSE,FALSE,FALSE,FALSE,TRUE,0,FALSE,1,19.87697138,FALSE,TRUE,TRUE,FALSE,FALSE,FALSE
Imesh,61.61192875,55.19615914,FALSE,FALSE,TRUE,TRUE,TRUE,FALSE,FALSE,TRUE,FALSE,FALSE,FALSE,FALSE,FALSE,FALSE,FALSE,FALSE,FALSE,0,FALSE,1,38.73814766,TRUE,FALSE,FALSE,FALSE,FALSE,TRUE
Imesh,68.70686475,34.65056169,TRUE,FALSE,TRUE,TRUE,FALSE,TRUE,FALSE,FALSE,FALSE,FALSE,FALSE,TRUE,FALSE,FALSE,FALSE,FALSE,FALSE,1,FALSE,1,34.85492175,FALSE,TRUE,FALSE,FALSE,FALSE,TRUE
Imesh,80.0788124,75.43901155,TRUE,TRUE,FALSE,TRUE,TRUE,FALSE,FALSE,TRUE,FALSE,TRUE,FALSE,FALSE,FALSE,FALSE,FALSE,FALSE,TRUE,0,FALSE,1,32.31094279,FALSE,TRUE,TRUE,FALSE,FALSE,FALSE
Imesh,89.50318437,35.06974854,TRUE,TRUE,FALSE,FALSE,TRUE,FALSE,FALSE,FALSE,FALSE,FALSE,FALSE,FALSE,FALSE,FALSE,TRUE,FALSE,TRUE,1,FALSE,1,18.25090537,FALSE,TRUE,FALSE,FALSE,TRUE,FALSE
Imesh,83.89582629,50.94460492,TRUE,TRUE,FALSE,TRUE,FALSE,TRUE,FALSE,TRUE,FALSE,TRUE,FALSE,FALSE,FALSE,FALSE,FALSE,FALSE,TRUE,1,FALSE,1,16.13185325,TRUE,FALSE,FALSE,FALSE,FALSE,TRUE
Imesh,78.7357229,50.03949681,FALSE,TRUE,FALSE,TRUE,TRUE,FALSE,FALSE,FALSE,FALSE,FALSE,FALSE,FALSE,FALSE,FALSE,FALSE,TRUE,TRUE,1,FALSE,0,21.26431378,TRUE,FALSE,FALSE,FALSE,FALSE,TRUE
Imesh,82.86326883,32.74664491,TRUE,FALSE,TRUE,FALSE,FALSE,FALSE,FALSE,TRUE,TRUE,FALSE,FALSE,FALSE,FALSE,FALSE,TRUE,FALSE,FALSE,0,FALSE,1,24.31760303,TRUE,FALSE,TRUE,FALSE,FALSE,FALSE
Imesh,91.21725001,52.3167985,TRUE,TRUE,FALSE,TRUE,FALSE,FALSE,FALSE,FALSE,FALSE,TRUE,FALSE,FALSE,FALSE,FALSE,FALSE,TRUE,TRUE,1,TRUE,0,9.083185156,TRUE,FALSE,FALSE,FALSE,TRUE,FALSE
Imesh,81.32503126,62.80127837,FALSE,TRUE,FALSE,TRUE,FALSE,FALSE,FALSE,TRUE,FALSE,TRUE,FALSE,FALSE,FALSE,FALSE,FALSE,FALSE,TRUE,0,TRUE,0,22.64127172,FALSE,TRUE,TRUE,FALSE,FALSE,FALSE
Imesh,66.48809843,49.14727786,FALSE,TRUE,FALSE,TRUE,TRUE,FALSE,FALSE,FALSE,FALSE,FALSE,FALSE,FALSE,FALSE,FALSE,FALSE,FALSE,TRUE,1,FALSE,1,33.52274872,TRUE,FALSE,FALSE,TRUE,FALSE,FALSE
Imesh,86.09257504,57.81896501,TRUE,TRUE,FALSE,TRUE,FALSE,FALSE,FALSE,TRUE,TRUE,FALSE,FALSE,FALSE,FALSE,FALSE,FALSE,FALSE,TRUE,0,FALSE,0,15.95470723,FALSE,TRUE,FALSE,FALSE,FALSE,TRUE
Imesh,95.51595746,43.76439857,TRUE,TRUE,FALSE,TRUE,TRUE,FALSE,FALSE,FALSE,FALSE,FALSE,FALSE,FALSE,FALSE,FALSE,FALSE,FALSE,TRUE,0,FALSE,0,7.680453292,TRUE,FALSE,TRUE,FALSE,FALSE,FALSE
Imesh,72.99060356,71.35283665,FALSE,TRUE,FALSE,FALSE,TRUE,FALSE,FALSE,FALSE,FALSE,FALSE,TRUE,FALSE,FALSE,FALSE,TRUE,FALSE,TRUE,1,FALSE,0,34.4303809,FALSE,TRUE,FALSE,FALSE,FALSE,TRUE
Imesh,91.68470758,35.99726998,FALSE,TRUE,FALSE,TRUE,FALSE,FALSE,FALSE,FALSE,TRUE,TRUE,FALSE,FALSE,FALSE,FALSE,FALSE,FALSE,TRUE,0,FALSE,0,16.2855929,FALSE,TRUE,FALSE,FALSE,FALSE,TRUE
Imesh,74.56038953,52.9479577,FALSE,FALSE,TRUE,TRUE,TRUE,FALSE,FALSE,FALSE,FALSE,FALSE,FALSE,FALSE,FALSE,FALSE,FALSE,FALSE,FALSE,0,FALSE,0,25.60984646,TRUE,FALSE,FALSE,TRUE,FALSE,FALSE
Imesh,87.23848318,43.6441026,FALSE,TRUE,FALSE,FALSE,FALSE,TRUE,FALSE,FALSE,FALSE,FALSE,TRUE,FALSE,FALSE,FALSE,FALSE,FALSE,TRUE,1,FALSE,0,14.25670871,TRUE,FALSE,FALSE,FALSE,TRUE,FALSE
Imesh,82.26166034,79.88432544,TRUE,TRUE,FALSE,TRUE,TRUE,FALSE,FALSE,FALSE,FALSE,TRUE,FALSE,FALSE,FALSE,FALSE,FALSE,TRUE,TRUE,1,FALSE,0,34.75228915,TRUE,FALSE,FALSE,FALSE,TRUE,FALSE
Imesh,62.82564249,48.08676625,FALSE,FALSE,TRUE,TRUE,TRUE,FALSE,FALSE,FALSE,FALSE,FALSE,FALSE,FALSE,FALSE,FALSE,FALSE,FALSE,FALSE,0,FALSE,1,37.22355867,FALSE,TRUE,FALSE,TRUE,FALSE,FALSE
Imesh,87.72168366,36.68518349,FALSE,TRUE,FALSE,TRUE,FALSE,TRUE,FALSE,TRUE,FALSE,FALSE,FALSE,FALSE,FALSE,FALSE,FALSE,FALSE,TRUE,1,FALSE,1,18.11191296,TRUE,FALSE,FALSE,FALSE,TRUE,FALSE
Imesh,84.06261311,42.89982166,TRUE,FALSE,TRUE,TRUE,FALSE,FALSE,FALSE,FALSE,TRUE,TRUE,FALSE,FALSE,FALSE,FALSE,FALSE,FALSE,FALSE,1,FALSE,0,17.44743057,TRUE,FALSE,FALSE,FALSE,TRUE,FALSE
Imesh,93.03628223,48.3131469,FALSE,TRUE,FALSE,FALSE,TRUE,FALSE,TRUE,FALSE,FALSE,FALSE,TRUE,TRUE,FALSE,FALSE,FALSE,FALSE,TRUE,0,FALSE,0,7.165112604,FALSE,TRUE,TRUE,FALSE,FALSE,FALSE
Imesh,68.77707561,34.42359206,TRUE,TRUE,FALSE,TRUE,FALSE,TRUE,FALSE,FALSE,FALSE,FALSE,FALSE,FALSE,FALSE,FALSE,FALSE,FALSE,TRUE,0,FALSE,1,34.89262804,TRUE,FALSE,FALSE,FALSE,FALSE,TRUE
Imesh,65.00238637,59.61742211,TRUE,TRUE,FALSE,TRUE,TRUE,FALSE,FALSE,FALSE,FALSE,TRUE,FALSE,FALSE,FALSE,FALSE,FALSE,FALSE,TRUE,0,FALSE,1,36.29501023,FALSE,TRUE,TRUE,FALSE,FALSE,FALSE
Imesh,94.38033864,55.51982675,FALSE,TRUE,FALSE,TRUE,FALSE,TRUE,FALSE,TRUE,FALSE,FALSE,FALSE,FALSE,FALSE,FALSE,FALSE,FALSE,TRUE,1,FALSE,0,7.877123914,FALSE,TRUE,TRUE,FALSE,FALSE,FALSE
Imesh,84.08457178,31.68270308,TRUE,TRUE,FALSE,TRUE,FALSE,FALSE,FALSE,FALSE,FALSE,TRUE,FALSE,FALSE,FALSE,FALSE,FALSE,FALSE,TRUE,0,TRUE,1,24.26570052,FALSE,TRUE,FALSE,TRUE,FALSE,FALSE
Imesh,86.32546449,62.8739553,TRUE,FALSE,TRUE,FALSE,TRUE,FALSE,FALSE,TRUE,FALSE,FALSE,TRUE,FALSE,FALSE,FALSE,TRUE,FALSE,FALSE,0,FALSE,0,18.78115136,FALSE,TRUE,FALSE,TRUE,FALSE,FALSE
Imesh,94.29673246,57.51146262,TRUE,TRUE,FALSE,TRUE,TRUE,FALSE,FALSE,FALSE,FALSE,FALSE,FALSE,FALSE,FALSE,FALSE,FALSE,FALSE,TRUE,0,FALSE,1,9.431295314,FALSE,TRUE,FALSE,TRUE,FALSE,FALSE
Imesh,84.5579623,52.53522587,TRUE,TRUE,FALSE,FALSE,TRUE,FALSE,FALSE,TRUE,FALSE,FALSE,TRUE,FALSE,FALSE,FALSE,FALSE,FALSE,TRUE,0,FALSE,1,15.64876668,TRUE,FALSE,TRUE,FALSE,FALSE,FALSE
Imesh,79.40296112,64.04210175,FALSE,TRUE,FALSE,TRUE,FALSE,FALSE,FALSE,TRUE,FALSE,FALSE,FALSE,FALSE,FALSE,FALSE,FALSE,FALSE,TRUE,0,TRUE,0,24.92826974,FALSE,TRUE,FALSE,TRUE,FALSE,FALSE
Imesh,95.59849024,46.15429052,TRUE,FALSE,TRUE,TRUE,FALSE,TRUE,FALSE,FALSE,FALSE,TRUE,FALSE,FALSE,FALSE,FALSE,FALSE,FALSE,FALSE,1,FALSE,0,5.844892609,FALSE,TRUE,FALSE,FALSE,TRUE,FALSE
Imesh,68.49412083,66.81498742,FALSE,TRUE,FALSE,TRUE,TRUE,FALSE,FALSE,FALSE,FALSE,FALSE,FALSE,FALSE,FALSE,FALSE,FALSE,FALSE,TRUE,0,FALSE,0,35.71224193,FALSE,TRUE,TRUE,FALSE,FALSE,FALSE
Imesh,92.39913823,47.82789988,TRUE,TRUE,FALSE,TRUE,TRUE,FALSE,FALSE,FALSE,FALSE,FALSE,FALSE,FALSE,FALSE,FALSE,FALSE,FALSE,TRUE,0,FALSE,0,7.905132417,FALSE,TRUE,TRUE,FALSE,FALSE,FALSE
Imesh,78.69164827,73.16120111,FALSE,FALSE,TRUE,TRUE,TRUE,FALSE,FALSE,FALSE,FALSE,FALSE,FALSE,FALSE,TRUE,FALSE,FALSE,FALSE,FALSE,0,FALSE,0,31.47200486,TRUE,FALSE,FALSE,TRUE,FALSE,FALSE
Imesh,75.51228028,67.626907,FALSE,FALSE,TRUE,TRUE,TRUE,FALSE,FALSE,FALSE,FALSE,TRUE,FALSE,FALSE,FALSE,FALSE,FALSE,FALSE,FALSE,0,FALSE,1,30.17211076,FALSE,TRUE,FALSE,FALSE,FALSE,TRUE
Imesh,90.90878446,51.74877972,TRUE,TRUE,FALSE,FALSE,TRUE,FALSE,FALSE,FALSE,FALSE,TRUE,FALSE,FALSE,FALSE,FALSE,TRUE,FALSE,TRUE,1,FALSE,0,9.257884776,FALSE,TRUE,FALSE,FALSE,FALSE,TRUE
Imesh,84.25002727,45.21571156,FALSE,FALSE,TRUE,TRUE,TRUE,FALSE,FALSE,FALSE,FALSE,FALSE,FALSE,FALSE,FALSE,FALSE,FALSE,FALSE,FALSE,1,FALSE,0,16.46059103,FALSE,TRUE,FALSE,FALSE,FALSE,TRUE
Imesh,80.65477939,29.28883995,FALSE,TRUE,FALSE,FALSE,TRUE,FALSE,FALSE,FALSE,FALSE,TRUE,FALSE,FALSE,TRUE,FALSE,TRUE,FALSE,TRUE,1,FALSE,1,28.34060181,TRUE,FALSE,FALSE,FALSE,TRUE,FALSE
Imesh,64.66543745,47.85890531,TRUE,TRUE,FALSE,TRUE,FALSE,TRUE,FALSE,FALSE,FALSE,FALSE,FALSE,FALSE,TRUE,FALSE,FALSE,FALSE,TRUE,1,FALSE,1,35.39937284,FALSE,TRUE,TRUE,FALSE,FALSE,FALSE
Imesh,74.67744572,75.73810164,FALSE,TRUE,FALSE,TRUE,TRUE,FALSE,FALSE,TRUE,FALSE,FALSE,FALSE,FALSE,FALSE,FALSE,FALSE,FALSE,TRUE,0,FALSE,1,36.1065317,FALSE,TRUE,FALSE,TRUE,FALSE,FALSE
Imesh,78.69907621,67.57453848,TRUE,FALSE,TRUE,TRUE,TRUE,FALSE,FALSE,FALSE,FALSE,FALSE,FALSE,TRUE,FALSE,FALSE,FALSE,FALSE,FALSE,0,FALSE,0,27.61510016,FALSE,TRUE,TRUE,FALSE,FALSE,FALSE
Imesh,95.42094118,55.81165368,TRUE,TRUE,FALSE,TRUE,TRUE,FALSE,FALSE,FALSE,FALSE,FALSE,FALSE,FALSE,FALSE,FALSE,FALSE,FALSE,TRUE,0,FALSE,1,7.398857895,FALSE,TRUE,FALSE,FALSE,TRUE,FALSE
Imesh,88.73595845,51.04279535,TRUE,TRUE,FALSE,TRUE,TRUE,FALSE,FALSE,FALSE,FALSE,FALSE,FALSE,FALSE,FALSE,FALSE,FALSE,FALSE,TRUE,0,FALSE,0,11.31220819,FALSE,TRUE,FALSE,FALSE,TRUE,FALSE
Imesh,86.58224855,50.41622575,TRUE,TRUE,FALSE,TRUE,FALSE,FALSE,FALSE,FALSE,FALSE,FALSE,FALSE,FALSE,FALSE,FALSE,FALSE,FALSE,TRUE,1,TRUE,1,13.42420567,TRUE,FALSE,FALSE,FALSE,FALSE,TRUE
Imesh,82.04681203,19.27464522,FALSE,FALSE,TRUE,TRUE,FALSE,FALSE,FALSE,FALSE,FALSE,FALSE,FALSE,FALSE,FALSE,FALSE,FALSE,FALSE,FALSE,1,TRUE,0,35.58601389,FALSE,TRUE,TRUE,FALSE,FALSE,FALSE
Imesh,94.39964873,54.28867472,TRUE,FALSE,TRUE,TRUE,TRUE,FALSE,FALSE,FALSE,FALSE,TRUE,FALSE,FALSE,FALSE,FALSE,FALSE,FALSE,FALSE,1,FALSE,0,7.053840458,FALSE,TRUE,FALSE,TRUE,FALSE,FALSE
Imesh,76.30810964,31.45612021,FALSE,TRUE,FALSE,TRUE,TRUE,FALSE,FALSE,TRUE,FALSE,FALSE,FALSE,TRUE,TRUE,FALSE,FALSE,FALSE,TRUE,1,FALSE,0,30.08622852,TRUE,FALSE,TRUE,FALSE,FALSE,FALSE
Imesh,85.58057383,51.94963225,TRUE,FALSE,TRUE,TRUE,FALSE,TRUE,FALSE,TRUE,FALSE,FALSE,FALSE,FALSE,FALSE,FALSE,FALSE,FALSE,FALSE,1,FALSE,0,14.55063288,FALSE,TRUE,TRUE,FALSE,FALSE,FALSE
Imesh,92.67382675,53.68577532,TRUE,FALSE,TRUE,TRUE,TRUE,FALSE,FALSE,FALSE,FALSE,FALSE,FALSE,TRUE,FALSE,FALSE,FALSE,TRUE,FALSE,1,FALSE,0,8.201082506,TRUE,FALSE,FALSE,FALSE,TRUE,FALSE
Imesh,94.6326942,45.35032842,FALSE,TRUE,FALSE,TRUE,TRUE,FALSE,FALSE,FALSE,FALSE,FALSE,FALSE,FALSE,FALSE,FALSE,FALSE,FALSE,TRUE,0,FALSE,0,7.101226467,TRUE,FALSE,FALSE,TRUE,FALSE,FALSE
Imesh,96.49431267,44.04721616,FALSE,TRUE,FALSE,TRUE,FALSE,TRUE,FALSE,FALSE,FALSE,FALSE,FALSE,FALSE,FALSE,FALSE,FALSE,FALSE,TRUE,1,FALSE,0,6.90836298,TRUE,FALSE,FALSE,TRUE,FALSE,FALSE
Imesh,92.26849655,48.49582412,TRUE,TRUE,FALSE,TRUE,TRUE,FALSE,FALSE,FALSE,FALSE,TRUE,FALSE,FALSE,FALSE,FALSE,FALSE,FALSE,TRUE,0,FALSE,0,7.876464357,FALSE,TRUE,TRUE,FALSE,FALSE,FALSE
Imesh,84.22230711,25.90628629,FALSE,TRUE,FALSE,TRUE,FALSE,FALSE,FALSE,TRUE,FALSE,FALSE,FALSE,FALSE,FALSE,FALSE,FALSE,TRUE,TRUE,1,TRUE,0,28.80004571,FALSE,TRUE,FALSE,TRUE,FALSE,FALSE
Imesh,90.42148552,50.59409146,TRUE,TRUE,FALSE,TRUE,TRUE,FALSE,FALSE,FALSE,FALSE,TRUE,FALSE,FALSE,FALSE,FALSE,FALSE,FALSE,TRUE,0,FALSE,1,9.596920561,FALSE,TRUE,TRUE,FALSE,FALSE,FALSE
Imesh,95.7827859,45.31843819,TRUE,TRUE,FALSE,TRUE,FALSE,TRUE,FALSE,TRUE,FALSE,FALSE,FALSE,FALSE,FALSE,FALSE,FALSE,FALSE,TRUE,1,FALSE,0,6.300945625,TRUE,FALSE,FALSE,FALSE,TRUE,FALSE
Imesh,82.29923018,62.43714223,FALSE,FALSE,TRUE,TRUE,TRUE,FALSE,FALSE,FALSE,FALSE,FALSE,FALSE,FALSE,FALSE,FALSE,FALSE,FALSE,FALSE,0,FALSE,0,21.63330208,TRUE,FALSE,FALSE,TRUE,FALSE,FALSE
Imesh,73.26452686,78.25618972,FALSE,TRUE,FALSE,TRUE,FALSE,FALSE,FALSE,FALSE,FALSE,FALSE,FALSE,FALSE,FALSE,FALSE,FALSE,FALSE,TRUE,0,TRUE,0,38.89984295,FALSE,TRUE,FALSE,FALSE,FALSE,TRUE
Imesh,80.17894918,66.15581741,TRUE,TRUE,FALSE,TRUE,FALSE,FALSE,FALSE,TRUE,FALSE,TRUE,FALSE,FALSE,FALSE,FALSE,FALSE,FALSE,TRUE,1,TRUE,0,25.57116524,FALSE,TRUE,FALSE,TRUE,FALSE,FALSE
Imesh,81.28686529,55.04836447,FALSE,FALSE,TRUE,TRUE,FALSE,FALSE,FALSE,TRUE,FALSE,FALSE,FALSE,FALSE,FALSE,FALSE,FALSE,TRUE,FALSE,1,TRUE,1,19.38214112,TRUE,FALSE,FALSE,FALSE,TRUE,FALSE
Imesh,94.49497762,42.92027765,TRUE,TRUE,FALSE,FALSE,FALSE,TRUE,TRUE,TRUE,FALSE,FALSE,TRUE,FALSE,FALSE,FALSE,FALSE,FALSE,TRUE,1,FALSE,1,8.968151423,TRUE,FALSE,FALSE,FALSE,FALSE,TRUE
Imesh,95.73592999,56.67711773,TRUE,FALSE,TRUE,FALSE,TRUE,FALSE,FALSE,FALSE,FALSE,FALSE,TRUE,FALSE,FALSE,FALSE,FALSE,FALSE,FALSE,0,FALSE,0,7.922511857,FALSE,TRUE,FALSE,TRUE,FALSE,FALSE
Imesh,94.59146264,47.92108457,FALSE,TRUE,FALSE,TRUE,FALSE,FALSE,FALSE,FALSE,FALSE,FALSE,FALSE,FALSE,FALSE,FALSE,FALSE,FALSE,TRUE,1,TRUE,0,5.794321852,TRUE,FALSE,FALSE,FALSE,FALSE,TRUE
Imesh,72.63113543,48.78037909,FALSE,FALSE,TRUE,TRUE,TRUE,FALSE,FALSE,FALSE,FALSE,FALSE,FALSE,FALSE,FALSE,FALSE,FALSE,FALSE,FALSE,1,FALSE,0,27.39602568,FALSE,TRUE,FALSE,TRUE,FALSE,FALSE
